Category,Subcategory,Part_Number,Value,Description
Resistor,E96 Standard,1R00,1Ω,1/4W Through-hole
Resistor,E96 Standard,1R02,1.02Ω,1/4W Through-hole
Resistor,E96 Standard,1R05,1.05Ω,1/4W Through-hole
Resistor,E96 Standard,1R07,1.07Ω,1/4W Through-hole
Resistor,E96 Standard,1R10,1.1Ω,1/4W Through-hole
Resistor,E96 Standard,1R13,1.13Ω,1/4W Through-hole
Resistor,E96 Standard,1R18,1.18Ω,1/4W Through-hole
Resistor,E96 Standard,1R21,1.21Ω,1/4W Through-hole
Resistor,E96 Standard,1R24,1.24Ω,1/4W Through-hole
Resistor,E96 Standard,1R27,1.27Ω,1/4W Through-hole
Resistor,E96 Standard,1R30,1.3Ω,1/4W Through-hole
Resistor,E96 Standard,1R33,1.33Ω,1/4W Through-hole
Resistor,E96 Standard,1R37,1.37Ω,1/4W Through-hole
Resistor,E96 Standard,1R40,1.4Ω,1/4W Through-hole
Resistor,E96 Standard,1R43,1.43Ω,1/4W Through-hole
Resistor,E96 Standard,1R47,1.47Ω,1/4W Through-hole
Resistor,E96 Standard,1R50,1.5Ω,1/4W Through-hole
Resistor,E96 Standard,1R54,1.54Ω,1/4W Through-hole
Resistor,E96 Standard,1R58,1.58Ω,1/4W Through-hole
Resistor,E96 Standard,1R62,1.62Ω,1/4W Through-hole
Resistor,E96 Standard,1R65,1.65Ω,1/4W Through-hole
Resistor,E96 Standard,1R69,1.69Ω,1/4W Through-hole
Resistor,E96 Standard,1R74,1.74Ω,1/4W Through-hole
Resistor,E96 Standard,1R78,1.78Ω,1/4W Through-hole
Resistor,E96 Standard,1R82,1.82Ω,1/4W Through-hole
Resistor,E96 Standard,1R87,1.87Ω,1/4W Through-hole
Resistor,E96 Standard,1R91,1.91Ω,1/4W Through-hole
Resistor,E96 Standard,1R96,1.96Ω,1/4W Through-hole
Resistor,E96 Standard,2R00,2Ω,1/4W Through-hole
Resistor,E96 Standard,2R05,2.05Ω,1/4W Through-hole
Resistor,E96 Standard,2R10,2.1Ω,1/4W Through-hole
Resistor,E96 Standard,2R15,2.15Ω,1/4W Through-hole
Resistor,E96 Standard,2R21,2.21Ω,1/4W Through-hole
Resistor,E96 Standard,2R26,2.26Ω,1/4W Through-hole
Resistor,E96 Standard,2R32,2.32Ω,1/4W Through-hole
Resistor,E96 Standard,2R37,2.37Ω,1/4W Through-hole
Resistor,E96 Standard,2R43,2.43Ω,1/4W Through-hole
Resistor,E96 Standard,2R49,2.49Ω,1/4W Through-hole
Resistor,E96 Standard,2R55,2.55Ω,1/4W Through-hole
Resistor,E96 Standard,2R61,2.61Ω,1/4W Through-hole
Resistor,E96 Standard,2R67,2.67Ω,1/4W Through-hole
Resistor,E96 Standard,2R74,2.74Ω,1/4W Through-hole
Resistor,E96 Standard,2R80,2.8Ω,1/4W Through-hole
Resistor,E96 Standard,2R87,2.87Ω,1/4W Through-hole
Resistor,E96 Standard,2R94,2.94Ω,1/4W Through-hole
Resistor,E96 Standard,3R01,3.01Ω,1/4W Through-hole
Resistor,E96 Standard,3R09,3.09Ω,1/4W Through-hole
Resistor,E96 Standard,3R16,3.16Ω,1/4W Through-hole
Resistor,E96 Standard,3R24,3.24Ω,1/4W Through-hole
Resistor,E96 Standard,3R32,3.32Ω,1/4W Through-hole
Resistor,E96 Standard,3R40,3.4Ω,1/4W Through-hole
Resistor,E96 Standard,3R48,3.48Ω,1/4W Through-hole
Resistor,E96 Standard,3R57,3.57Ω,1/4W Through-hole
Resistor,E96 Standard,3R65,3.65Ω,1/4W Through-hole
Resistor,E96 Standard,3R74,3.74Ω,1/4W Through-hole
Resistor,E96 Standard,3R83,3.83Ω,1/4W Through-hole
Resistor,E96 Standard,3R92,3.92Ω,1/4W Through-hole
Resistor,E96 Standard,4R02,4.02Ω,1/4W Through-hole
Resistor,E96 Standard,4R12,4.12Ω,1/4W Through-hole
Resistor,E96 Standard,4R22,4.22Ω,1/4W Through-hole
Resistor,E96 Standard,4R32,4.32Ω,1/4W Through-hole
Resistor,E96 Standard,4R42,4.42Ω,1/4W Through-hole
Resistor,E96 Standard,4R53,4.53Ω,1/4W Through-hole
Resistor,E96 Standard,4R64,4.64Ω,1/4W Through-hole
Resistor,E96 Standard,4R75,4.75Ω,1/4W Through-hole
Resistor,E96 Standard,4R87,4.87Ω,1/4W Through-hole
Resistor,E96 Standard,4R99,4.99Ω,1/4W Through-hole
Resistor,E96 Standard,5R11,5.11Ω,1/4W Through-hole
Resistor,E96 Standard,5R23,5.23Ω,1/4W Through-hole
Resistor,E96 Standard,5R36,5.36Ω,1/4W Through-hole
Resistor,E96 Standard,5R49,5.49Ω,1/4W Through-hole
Resistor,E96 Standard,5R62,5.62Ω,1/4W Through-hole
Resistor,E96 Standard,5R76,5.76Ω,1/4W Through-hole
Resistor,E96 Standard,5R90,5.9Ω,1/4W Through-hole
Resistor,E96 Standard,6R04,6.04Ω,1/4W Through-hole
Resistor,E96 Standard,6R19,6.19Ω,1/4W Through-hole
Resistor,E96 Standard,6R34,6.34Ω,1/4W Through-hole
Resistor,E96 Standard,6R49,6.49Ω,1/4W Through-hole
Resistor,E96 Standard,6R65,6.65Ω,1/4W Through-hole
Resistor,E96 Standard,6R81,6.81Ω,1/4W Through-hole
Resistor,E96 Standard,6R98,6.98Ω,1/4W Through-hole
Resistor,E96 Standard,7R15,7.15Ω,1/4W Through-hole
Resistor,E96 Standard,7R32,7.32Ω,1/4W Through-hole
Resistor,E96 Standard,7R50,7.5Ω,1/4W Through-hole
Resistor,E96 Standard,7R68,7.68Ω,1/4W Through-hole
Resistor,E96 Standard,7R87,7.87Ω,1/4W Through-hole
Resistor,E96 Standard,8R06,8.06Ω,1/4W Through-hole
Resistor,E96 Standard,8R25,8.25Ω,1/4W Through-hole
Resistor,E96 Standard,8R45,8.45Ω,1/4W Through-hole
Resistor,E96 Standard,8R66,8.66Ω,1/4W Through-hole
Resistor,E96 Standard,8R87,8.87Ω,1/4W Through-hole
Resistor,E96 Standard,9R09,9.09Ω,1/4W Through-hole
Resistor,E96 Standard,9R31,9.31Ω,1/4W Through-hole
Resistor,E96 Standard,9R53,9.53Ω,1/4W Through-hole
Resistor,E96 Standard,9R76,9.76Ω,1/4W Through-hole
Resistor,E96 Standard,10R0,10Ω,1/4W Through-hole
Resistor,E96 Standard,10R2,10.2Ω,1/4W Through-hole
Resistor,E96 Standard,10R5,10.5Ω,1/4W Through-hole
Resistor,E96 Standard,10R7,10.7Ω,1/4W Through-hole
Resistor,E96 Standard,11R0,11Ω,1/4W Through-hole
Resistor,E96 Standard,11R3,11.3Ω,1/4W Through-hole
Resistor,E96 Standard,11R5,11.5Ω,1/4W Through-hole
Resistor,E96 Standard,11R8,11.8Ω,1/4W Through-hole
Resistor,E96 Standard,12R1,12.1Ω,1/4W Through-hole
Resistor,E96 Standard,12R4,12.4Ω,1/4W Through-hole
Resistor,E96 Standard,12R7,12.7Ω,1/4W Through-hole
Resistor,E96 Standard,13R0,13Ω,1/4W Through-hole
Resistor,E96 Standard,13R3,13.3Ω,1/4W Through-hole
Resistor,E96 Standard,13R7,13.7Ω,1/4W Through-hole
Resistor,E96 Standard,14R0,14Ω,1/4W Through-hole
Resistor,E96 Standard,14R3,14.3Ω,1/4W Through-hole
Resistor,E96 Standard,14R7,14.7Ω,1/4W Through-hole
Resistor,E96 Standard,15R0,15Ω,1/4W Through-hole
Resistor,E96 Standard,15R4,15.4Ω,1/4W Through-hole
Resistor,E96 Standard,15R8,15.8Ω,1/4W Through-hole
Resistor,E96 Standard,16R2,16.2Ω,1/4W Through-hole
Resistor,E96 Standard,16R5,16.5Ω,1/4W Through-hole
Resistor,E96 Standard,16R9,16.9Ω,1/4W Through-hole
Resistor,E96 Standard,17R4,17.4Ω,1/4W Through-hole
Resistor,E96 Standard,17R8,17.8Ω,1/4W Through-hole
Resistor,E96 Standard,18R2,18.2Ω,1/4W Through-hole
Resistor,E96 Standard,18R7,18.7Ω,1/4W Through-hole
Resistor,E96 Standard,19R1,19.1Ω,1/4W Through-hole
Resistor,E96 Standard,19R6,19.6Ω,1/4W Through-hole
Resistor,E96 Standard,20R0,20Ω,1/4W Through-hole
Resistor,E96 Standard,20R5,20.5Ω,1/4W Through-hole
Resistor,E96 Standard,21R0,21Ω,1/4W Through-hole
Resistor,E96 Standard,21R5,21.5Ω,1/4W Through-hole
Resistor,E96 Standard,22R1,22.1Ω,1/4W Through-hole
Resistor,E96 Standard,22R6,22.6Ω,1/4W Through-hole
Resistor,E96 Standard,23R2,23.2Ω,1/4W Through-hole
Resistor,E96 Standard,23R7,23.7Ω,1/4W Through-hole
Resistor,E96 Standard,24R3,24.3Ω,1/4W Through-hole
Resistor,E96 Standard,24R9,24.9Ω,1/4W Through-hole
Resistor,E96 Standard,25R5,25.5Ω,1/4W Through-hole
Resistor,E96 Standard,26R1,26.1Ω,1/4W Through-hole
Resistor,E96 Standard,26R7,26.7Ω,1/4W Through-hole
Resistor,E96 Standard,27R4,27.4Ω,1/4W Through-hole
Resistor,E96 Standard,28R0,28Ω,1/4W Through-hole
Resistor,E96 Standard,28R7,28.7Ω,1/4W Through-hole
Resistor,E96 Standard,29R4,29.4Ω,1/4W Through-hole
Resistor,E96 Standard,30R1,30.1Ω,1/4W Through-hole
Resistor,E96 Standard,30R9,30.9Ω,1/4W Through-hole
Resistor,E96 Standard,31R6,31.6Ω,1/4W Through-hole
Resistor,E96 Standard,32R4,32.4Ω,1/4W Through-hole
Resistor,E96 Standard,33R2,33.2Ω,1/4W Through-hole
Resistor,E96 Standard,34R0,34Ω,1/4W Through-hole
Resistor,E96 Standard,34R8,34.8Ω,1/4W Through-hole
Resistor,E96 Standard,35R7,35.7Ω,1/4W Through-hole
Resistor,E96 Standard,36R5,36.5Ω,1/4W Through-hole
Resistor,E96 Standard,37R4,37.4Ω,1/4W Through-hole
Resistor,E96 Standard,38R3,38.3Ω,1/4W Through-hole
Resistor,E96 Standard,39R2,39.2Ω,1/4W Through-hole
Resistor,E96 Standard,40R2,40.2Ω,1/4W Through-hole
Resistor,E96 Standard,41R2,41.2Ω,1/4W Through-hole
Resistor,E96 Standard,42R2,42.2Ω,1/4W Through-hole
Resistor,E96 Standard,43R2,43.2Ω,1/4W Through-hole
Resistor,E96 Standard,44R2,44.2Ω,1/4W Through-hole
Resistor,E96 Standard,45R3,45.3Ω,1/4W Through-hole
Resistor,E96 Standard,46R4,46.4Ω,1/4W Through-hole
Resistor,E96 Standard,47R5,47.5Ω,1/4W Through-hole
Resistor,E96 Standard,48R7,48.7Ω,1/4W Through-hole
Resistor,E96 Standard,49R9,49.9Ω,1/4W Through-hole
Resistor,E96 Standard,51R1,51.1Ω,1/4W Through-hole
Resistor,E96 Standard,52R3,52.3Ω,1/4W Through-hole
Resistor,E96 Standard,53R6,53.6Ω,1/4W Through-hole
Resistor,E96 Standard,54R9,54.9Ω,1/4W Through-hole
Resistor,E96 Standard,56R2,56.2Ω,1/4W Through-hole
Resistor,E96 Standard,57R6,57.6Ω,1/4W Through-hole
Resistor,E96 Standard,59R0,59Ω,1/4W Through-hole
Resistor,E96 Standard,60R4,60.4Ω,1/4W Through-hole
Resistor,E96 Standard,61R9,61.9Ω,1/4W Through-hole
Resistor,E96 Standard,63R4,63.4Ω,1/4W Through-hole
Resistor,E96 Standard,64R9,64.9Ω,1/4W Through-hole
Resistor,E96 Standard,68R1,68.1Ω,1/4W Through-hole
Resistor,E96 Standard,69R8,69.8Ω,1/4W Through-hole
Resistor,E96 Standard,71R5,71.5Ω,1/4W Through-hole
Resistor,E96 Standard,73R2,73.2Ω,1/4W Through-hole
Resistor,E96 Standard,75R0,75Ω,1/4W Through-hole
Resistor,E96 Standard,76R8,76.8Ω,1/4W Through-hole
Resistor,E96 Standard,78R7,78.7Ω,1/4W Through-hole
Resistor,E96 Standard,80R6,80.6Ω,1/4W Through-hole
Resistor,E96 Standard,82R5,82.5Ω,1/4W Through-hole
Resistor,E96 Standard,84R5,84.5Ω,1/4W Through-hole
Resistor,E96 Standard,86R6,86.6Ω,1/4W Through-hole
Resistor,E96 Standard,88R7,88.7Ω,1/4W Through-hole
Resistor,E96 Standard,90R9,90.9Ω,1/4W Through-hole
Resistor,E96 Standard,93R1,93.1Ω,1/4W Through-hole
Resistor,E96 Standard,95R3,95.3Ω,1/4W Through-hole
Resistor,E96 Standard,97R6,97.6Ω,1/4W Through-hole
Resistor,E96 Standard,100R,100Ω,1/4W Through-hole
Resistor,E96 Standard,102R,102Ω,1/4W Through-hole
Resistor,E96 Standard,105R,105Ω,1/4W Through-hole
Resistor,E96 Standard,107R,107Ω,1/4W Through-hole
Resistor,E96 Standard,110R,110Ω,1/4W Through-hole
Resistor,E96 Standard,113R,113Ω,1/4W Through-hole
Resistor,E96 Standard,115R,115Ω,1/4W Through-hole
Resistor,E96 Standard,118R,118Ω,1/4W Through-hole
Resistor,E96 Standard,120R,120Ω,1/4W Through-hole
Resistor,E96 Standard,121R,121Ω,1/4W Through-hole
Resistor,E96 Standard,124R,124Ω,1/4W Through-hole
Resistor,E96 Standard,127R,127Ω,1/4W Through-hole
Resistor,E96 Standard,130R,130Ω,1/4W Through-hole
Resistor,E96 Standard,133R,133Ω,1/4W Through-hole
Resistor,E96 Standard,137R,137Ω,1/4W Through-hole
Resistor,E96 Standard,140R,140Ω,1/4W Through-hole
Resistor,E96 Standard,143R,143Ω,1/4W Through-hole
Resistor,E96 Standard,147R,147Ω,1/4W Through-hole
Resistor,E96 Standard,150R,150Ω,1/4W Through-hole
Resistor,E96 Standard,154R,154Ω,1/4W Through-hole
Resistor,E96 Standard,158R,158Ω,1/4W Through-hole
Resistor,E96 Standard,162R,162Ω,1/4W Through-hole
Resistor,E96 Standard,165R,165Ω,1/4W Through-hole
Resistor,E96 Standard,169R,169Ω,1/4W Through-hole
Resistor,E96 Standard,174R,174Ω,1/4W Through-hole
Resistor,E96 Standard,178R,178Ω,1/4W Through-hole
Resistor,E96 Standard,182R,182Ω,1/4W Through-hole
Resistor,E96 Standard,187R,187Ω,1/4W Through-hole
Resistor,E96 Standard,191R,191Ω,1/4W Through-hole
Resistor,E96 Standard,196R,196Ω,1/4W Through-hole
Resistor,E96 Standard,200R,200Ω,1/4W Through-hole
Resistor,E96 Standard,205R,205Ω,1/4W Through-hole
Resistor,E96 Standard,210R,210Ω,1/4W Through-hole
Resistor,E96 Standard,215R,215Ω,1/4W Through-hole
Resistor,E96 Standard,221R,221Ω,1/4W Through-hole
Resistor,E96 Standard,226R,226Ω,1/4W Through-hole
Resistor,E96 Standard,232R,232Ω,1/4W Through-hole
Resistor,E96 Standard,237R,237Ω,1/4W Through-hole
Resistor,E96 Standard,243R,243Ω,1/4W Through-hole
Resistor,E96 Standard,249R,249Ω,1/4W Through-hole
Resistor,E96 Standard,255R,255Ω,1/4W Through-hole
Resistor,E96 Standard,261R,261Ω,1/4W Through-hole
Resistor,E96 Standard,274R,274Ω,1/4W Through-hole
Resistor,E96 Standard,280R,280Ω,1/4W Through-hole
Resistor,E96 Standard,287R,287Ω,1/4W Through-hole
Resistor,E96 Standard,294R,294Ω,1/4W Through-hole
Resistor,E96 Standard,301R,301Ω,1/4W Through-hole
Resistor,E96 Standard,309R,309Ω,1/4W Through-hole
Resistor,E96 Standard,316R,316Ω,1/4W Through-hole
Resistor,E96 Standard,324R,324Ω,1/4W Through-hole
Resistor,E96 Standard,330R,330Ω,1/4W Through-hole
Resistor,E96 Standard,332R,332Ω,1/4W Through-hole
Resistor,E96 Standard,340R,340Ω,1/4W Through-hole
Resistor,E96 Standard,348R,348Ω,1/4W Through-hole
Resistor,E96 Standard,357R,357Ω,1/4W Through-hole
Resistor,E96 Standard,365R,365Ω,1/4W Through-hole
Resistor,E96 Standard,374R,374Ω,1/4W Through-hole
Resistor,E96 Standard,383R,383Ω,1/4W Through-hole
Resistor,E96 Standard,392R,392Ω,1/4W Through-hole
Resistor,E96 Standard,402R,402Ω,1/4W Through-hole
Resistor,E96 Standard,412R,412Ω,1/4W Through-hole
Resistor,E96 Standard,422R,422Ω,1/4W Through-hole
Resistor,E96 Standard,432R,432Ω,1/4W Through-hole
Resistor,E96 Standard,442R,442Ω,1/4W Through-hole
Resistor,E96 Standard,453R,453Ω,1/4W Through-hole
Resistor,E96 Standard,464R,464Ω,1/4W Through-hole
Resistor,E96 Standard,475R,475Ω,1/4W Through-hole
Resistor,E96 Standard,487R,487Ω,1/4W Through-hole
Resistor,E96 Standard,499R,499Ω,1/4W Through-hole
Resistor,E96 Standard,511R,511Ω,1/4W Through-hole
Resistor,E96 Standard,523R,523Ω,1/4W Through-hole
Resistor,E96 Standard,536R,536Ω,1/4W Through-hole
Resistor,E96 Standard,549R,549Ω,1/4W Through-hole
Resistor,E96 Standard,562R,562Ω,1/4W Through-hole
Resistor,E96 Standard,576R,576Ω,1/4W Through-hole
Resistor,E96 Standard,590R,590Ω,1/4W Through-hole
Resistor,E96 Standard,604R,604Ω,1/4W Through-hole
Resistor,E96 Standard,619R,619Ω,1/4W Through-hole
Resistor,E96 Standard,634R,634Ω,1/4W Through-hole
Resistor,E96 Standard,649R,649Ω,1/4W Through-hole
Resistor,E96 Standard,665R,665Ω,1/4W Through-hole
Resistor,E96 Standard,681R,681Ω,1/4W Through-hole
Resistor,E96 Standard,698R,698Ω,1/4W Through-hole
Resistor,E96 Standard,715R,715Ω,1/4W Through-hole
Resistor,E96 Standard,732R,732Ω,1/4W Through-hole
Resistor,E96 Standard,750R,750Ω,1/4W Through-hole
Resistor,E96 Standard,768R,768Ω,1/4W Through-hole
Resistor,E96 Standard,787R,787Ω,1/4W Through-hole
Resistor,E96 Standard,806R,806Ω,1/4W Through-hole
Resistor,E96 Standard,825R,825Ω,1/4W Through-hole
Resistor,E96 Standard,845R,845Ω,1/4W Through-hole
Resistor,E96 Standard,866R,866Ω,1/4W Through-hole
Resistor,E96 Standard,887R,887Ω,1/4W Through-hole
Resistor,E96 Standard,909R,909Ω,1/4W Through-hole
Resistor,E96 Standard,931R,931Ω,1/4W Through-hole
Resistor,E96 Standard,953R,953Ω,1/4W Through-hole
Resistor,E96 Standard,976R,976Ω,1/4W Through-hole
Resistor,E96 Standard,1K00,1kΩ,1/4W Through-hole
Resistor,E96 Standard,1K02,1.02kΩ,1/4W Through-hole
Resistor,E96 Standard,1K05,1.05kΩ,1/4W Through-hole
Resistor,E96 Standard,1K07,1.07kΩ,1/4W Through-hole
Resistor,E96 Standard,1K10,1.1kΩ,1/4W Through-hole
Resistor,E96 Standard,1K13,1.13kΩ,1/4W Through-hole
Resistor,E96 Standard,1K15,1.15kΩ,1/4W Through-hole
Resistor,E96 Standard,1K18,1.18kΩ,1/4W Through-hole
Resistor,E96 Standard,1K21,1.21kΩ,1/4W Through-hole
Resistor,E96 Standard,1K24,1.24kΩ,1/4W Through-hole
Resistor,E96 Standard,1K27,1.27kΩ,1/4W Through-hole
Resistor,E96 Standard,1K30,1.3kΩ,1/4W Through-hole
Resistor,E96 Standard,1K33,1.33kΩ,1/4W Through-hole
Resistor,E96 Standard,1K37,1.37kΩ,1/4W Through-hole
Resistor,E96 Standard,1K40,1.4kΩ,1/4W Through-hole
Resistor,E96 Standard,1K43,1.43kΩ,1/4W Through-hole
Resistor,E96 Standard,1K47,1.47kΩ,1/4W Through-hole
Resistor,E96 Standard,1K50,1.5kΩ,1/4W Through-hole
Resistor,E96 Standard,1K54,1.54kΩ,1/4W Through-hole
Resistor,E96 Standard,1K58,1.58kΩ,1/4W Through-hole
Resistor,E96 Standard,1K62,1.62kΩ,1/4W Through-hole
Resistor,E96 Standard,1K65,1.65kΩ,1/4W Through-hole
Resistor,E96 Standard,1K69,1.69kΩ,1/4W Through-hole
Resistor,E96 Standard,1K74,1.74kΩ,1/4W Through-hole
Resistor,E96 Standard,1K78,1.78kΩ,1/4W Through-hole
Resistor,E96 Standard,1K82,1.82kΩ,1/4W Through-hole
Resistor,E96 Standard,1K87,1.87kΩ,1/4W Through-hole
Resistor,E96 Standard,1K91,1.91kΩ,1/4W Through-hole
Resistor,E96 Standard,1K96,1.96kΩ,1/4W Through-hole
Resistor,E96 Standard,2K00,2kΩ,1/4W Through-hole
Resistor,E96 Standard,2K05,2.05kΩ,1/4W Through-hole
Resistor,E96 Standard,2K10,2.1kΩ,1/4W Through-hole
Resistor,E96 Standard,2K21,2.21kΩ,1/4W Through-hole
Resistor,E96 Standard,2K26,2.26kΩ,1/4W Through-hole
Resistor,E96 Standard,2K32,2.32kΩ,1/4W Through-hole
Resistor,E96 Standard,2K37,2.37kΩ,1/4W Through-hole
Resistor,E96 Standard,2K43,2.43kΩ,1/4W Through-hole
Resistor,E96 Standard,2K49,2.49kΩ,1/4W Through-hole
Resistor,E96 Standard,2K55,2.55kΩ,1/4W Through-hole
Resistor,E96 Standard,2K61,2.61kΩ,1/4W Through-hole
Resistor,E96 Standard,2K67,2.67kΩ,1/4W Through-hole
Resistor,E96 Standard,2K74,2.74kΩ,1/4W Through-hole
Resistor,E96 Standard,2K80,2.8kΩ,1/4W Through-hole
Resistor,E96 Standard,2K87,2.87kΩ,1/4W Through-hole
Resistor,E96 Standard,2K94,2.94kΩ,1/4W Through-hole
Resistor,E96 Standard,3K01,3.01kΩ,1/4W Through-hole
Resistor,E96 Standard,3K09,3.09kΩ,1/4W Through-hole
Resistor,E96 Standard,3K16,3.16kΩ,1/4W Through-hole
Resistor,E96 Standard,3K24,3.24kΩ,1/4W Through-hole
Resistor,E96 Standard,3K32,3.32kΩ,1/4W Through-hole
Resistor,E96 Standard,3K40,3.4kΩ,1/4W Through-hole
Resistor,E96 Standard,3K48,3.48kΩ,1/4W Through-hole
Resistor,E96 Standard,3K57,3.57kΩ,1/4W Through-hole
Resistor,E96 Standard,3K65,3.65kΩ,1/4W Through-hole
Resistor,E96 Standard,3K74,3.74kΩ,1/4W Through-hole
Resistor,E96 Standard,3K83,3.83kΩ,1/4W Through-hole
Resistor,E96 Standard,3K92,3.92kΩ,1/4W Through-hole
Resistor,E96 Standard,4K02,4.02kΩ,1/4W Through-hole
Resistor,E96 Standard,4K12,4.12kΩ,1/4W Through-hole
Resistor,E96 Standard,4K22,4.22kΩ,1/4W Through-hole
Resistor,E96 Standard,4K32,4.32kΩ,1/4W Through-hole
Resistor,E96 Standard,4K42,4.42kΩ,1/4W Through-hole
Resistor,E96 Standard,4K53,4.53kΩ,1/4W Through-hole
Resistor,E96 Standard,4K64,4.64kΩ,1/4W Through-hole
Resistor,E96 Standard,4K75,4.75kΩ,1/4W Through-hole
Resistor,E96 Standard,4K87,4.87kΩ,1/4W Through-hole
Resistor,E96 Standard,4K99,4.99kΩ,1/4W Through-hole
Resistor,E96 Standard,5K11,5.11kΩ,1/4W Through-hole
Resistor,E96 Standard,5K23,5.23kΩ,1/4W Through-hole
Resistor,E96 Standard,5K36,5.36kΩ,1/4W Through-hole
Resistor,E96 Standard,5K49,5.49kΩ,1/4W Through-hole
Resistor,E96 Standard,5K62,5.62kΩ,1/4W Through-hole
Resistor,E96 Standard,5K76,5.76kΩ,1/4W Through-hole
Resistor,E96 Standard,5K90,5.9kΩ,1/4W Through-hole
Resistor,E96 Standard,6K04,6.04kΩ,1/4W Through-hole
Resistor,E96 Standard,6K19,6.19kΩ,1/4W Through-hole
Resistor,E96 Standard,6K34,6.34kΩ,1/4W Through-hole
Resistor,E96 Standard,6K49,6.49kΩ,1/4W Through-hole
Resistor,E96 Standard,6K65,6.65kΩ,1/4W Through-hole
Resistor,E96 Standard,6K81,6.81kΩ,1/4W Through-hole
Resistor,E96 Standard,6K98,6.98kΩ,1/4W Through-hole
Resistor,E96 Standard,7K15,7.15kΩ,1/4W Through-hole
Resistor,E96 Standard,7K32,7.32kΩ,1/4W Through-hole
Resistor,E96 Standard,7K50,7.5kΩ,1/4W Through-hole
Resistor,E96 Standard,7K68,7.68kΩ,1/4W Through-hole
Resistor,E96 Standard,7K87,7.87kΩ,1/4W Through-hole
Resistor,E96 Standard,8K06,8.06kΩ,1/4W Through-hole
Resistor,E96 Standard,8K25,8.25kΩ,1/4W Through-hole
Resistor,E96 Standard,8K45,8.45kΩ,1/4W Through-hole
Resistor,E96 Standard,8K66,8.66kΩ,1/4W Through-hole
Resistor,E96 Standard,8K87,8.87kΩ,1/4W Through-hole
Resistor,E96 Standard,9K09,9.09kΩ,1/4W Through-hole
Resistor,E96 Standard,9K31,9.31kΩ,1/4W Through-hole
Resistor,E96 Standard,9K53,9.53kΩ,1/4W Through-hole
Resistor,E96 Standard,9K76,9.76kΩ,1/4W Through-hole
Resistor,E96 Standard,10K0,10kΩ,1/4W Through-hole
Resistor,E96 Standard,10K2,10.2kΩ,1/4W Through-hole
Resistor,E96 Standard,10K5,10.5kΩ,1/4W Through-hole
Resistor,E96 Standard,10K7,10.7kΩ,1/4W Through-hole
Resistor,E96 Standard,11K0,11kΩ,1/4W Through-hole
Resistor,E96 Standard,11K3,11.3kΩ,1/4W Through-hole
Resistor,E96 Standard,11K5,11.5kΩ,1/4W Through-hole
Resistor,E96 Standard,11K8,11.8kΩ,1/4W Through-hole
Resistor,E96 Standard,12K1,12.1kΩ,1/4W Through-hole
Resistor,E96 Standard,12K4,12.4kΩ,1/4W Through-hole
Resistor,E96 Standard,12K7,12.7kΩ,1/4W Through-hole
Resistor,E96 Standard,13K0,13kΩ,1/4W Through-hole
Resistor,E96 Standard,13K3,13.3kΩ,1/4W Through-hole
Resistor,E96 Standard,13K7,13.7kΩ,1/4W Through-hole
Resistor,E96 Standard,14K0,14kΩ,1/4W Through-hole
Resistor,E96 Standard,14K3,14.3kΩ,1/4W Through-hole
Resistor,E96 Standard,14K7,14.7kΩ,1/4W Through-hole
Resistor,E96 Standard,15K0,15kΩ,1/4W Through-hole
Resistor,E96 Standard,15K4,15.4kΩ,1/4W Through-hole
Resistor,E96 Standard,15K8,15.8kΩ,1/4W Through-hole
Resistor,E96 Standard,16K2,16.2kΩ,1/4W Through-hole
Resistor,E96 Standard,16K5,16.5kΩ,1/4W Through-hole
Resistor,E96 Standard,16K9,16.9kΩ,1/4W Through-hole
Resistor,E96 Standard,17K4,17.4kΩ,1/4W Through-hole
Resistor,E96 Standard,17K8,17.8kΩ,1/4W Through-hole
Resistor,E96 Standard,18K2,18.2kΩ,1/4W Through-hole
Resistor,E96 Standard,18K7,18.7kΩ,1/4W Through-hole
Resistor,E96 Standard,19K1,19.1kΩ,1/4W Through-hole
Resistor,E96 Standard,19K6,19.6kΩ,1/4W Through-hole
Resistor,E96 Standard,20K0,20kΩ,1/4W Through-hole
Resistor,E96 Standard,20K5,20.5kΩ,1/4W Through-hole
Resistor,E96 Standard,21K0,21kΩ,1/4W Through-hole
Resistor,E96 Standard,21K5,21.5kΩ,1/4W Through-hole
Resistor,E96 Standard,22K1,22.1kΩ,1/4W Through-hole
Resistor,E96 Standard,22K6,22.6kΩ,1/4W Through-hole
Resistor,E96 Standard,23K2,23.2kΩ,1/4W Through-hole
Resistor,E96 Standard,23K7,23.7kΩ,1/4W Through-hole
Resistor,E96 Standard,24K3,24.3kΩ,1/4W Through-hole
Resistor,E96 Standard,24K9,24.9kΩ,1/4W Through-hole
Resistor,E96 Standard,25K5,25.5kΩ,1/4W Through-hole
Resistor,E96 Standard,26K1,26.1kΩ,1/4W Through-hole
Resistor,E96 Standard,26K7,26.7kΩ,1/4W Through-hole
Resistor,E96 Standard,27K4,27.4kΩ,1/4W Through-hole
Resistor,E96 Standard,28K0,28kΩ,1/4W Through-hole
Resistor,E96 Standard,28K7,28.7kΩ,1/4W Through-hole
Resistor,E96 Standard,29K4,29.4kΩ,1/4W Through-hole
Resistor,E96 Standard,30K1,30.1kΩ,1/4W Through-hole
Resistor,E96 Standard,30K9,30.9kΩ,1/4W Through-hole
Resistor,E96 Standard,31K6,31.6kΩ,1/4W Through-hole
Resistor,E96 Standard,32K4,32.4kΩ,1/4W Through-hole
Resistor,E96 Standard,33K2,33.2kΩ,1/4W Through-hole
Resistor,E96 Standard,34K0,34kΩ,1/4W Through-hole
Resistor,E96 Standard,34K8,34.8kΩ,1/4W Through-hole
Resistor,E96 Standard,35K7,35.7kΩ,1/4W Through-hole
Resistor,E96 Standard,36K5,36.5kΩ,1/4W Through-hole
Resistor,E96 Standard,37K4,37.4kΩ,1/4W Through-hole
Resistor,E96 Standard,38K3,38.3kΩ,1/4W Through-hole
Resistor,E96 Standard,39K2,39.2kΩ,1/4W Through-hole
Resistor,E96 Standard,40K2,40.2kΩ,1/4W Through-hole
Resistor,E96 Standard,41K2,41.2kΩ,1/4W Through-hole
Resistor,E96 Standard,42K2,42.2kΩ,1/4W Through-hole
Resistor,E96 Standard,43K2,43.2kΩ,1/4W Through-hole
Resistor,E96 Standard,44K2,44.2kΩ,1/4W Through-hole
Resistor,E96 Standard,45K3,45.3kΩ,1/4W Through-hole
Resistor,E96 Standard,46K4,46.4kΩ,1/4W Through-hole
Resistor,E96 Standard,48K7,48.7kΩ,1/4W Through-hole
Resistor,E96 Standard,51K1,51.1kΩ,1/4W Through-hole
Resistor,E96 Standard,53K6,53.6kΩ,1/4W Through-hole
Resistor,E96 Standard,54K9,54.9kΩ,1/4W Through-hole
Resistor,E96 Standard,56K2,56.2kΩ,1/4W Through-hole
Resistor,E96 Standard,57K6,57.6kΩ,1/4W Through-hole
Resistor,E96 Standard,59K0,59kΩ,1/4W Through-hole
Resistor,E96 Standard,60K4,60.4kΩ,1/4W Through-hole
Resistor,E96 Standard,61K9,61.9kΩ,1/4W Through-hole
Resistor,E96 Standard,63K4,63.4kΩ,1/4W Through-hole
Resistor,E96 Standard,64K9,64.9kΩ,1/4W Through-hole
Resistor,E96 Standard,66K5,66.5kΩ,1/4W Through-hole
Resistor,E96 Standard,68K1,68.1kΩ,1/4W Through-hole
Resistor,E96 Standard,69K8,69.8kΩ,1/4W Through-hole
Resistor,E96 Standard,71K5,71.5kΩ,1/4W Through-hole
Resistor,E96 Standard,73K2,73.2kΩ,1/4W Through-hole
Resistor,E96 Standard,75K0,75kΩ,1/4W Through-hole
Resistor,E96 Standard,76K8,76.8kΩ,1/4W Through-hole
Resistor,E96 Standard,78K7,78.7kΩ,1/4W Through-hole
Resistor,E96 Standard,80K6,80.6kΩ,1/4W Through-hole
Resistor,E96 Standard,82K5,82.5kΩ,1/4W Through-hole
Resistor,E96 Standard,84K5,84.5kΩ,1/4W Through-hole
Resistor,E96 Standard,86K6,86.6kΩ,1/4W Through-hole
Resistor,E96 Standard,88K7,88.7kΩ,1/4W Through-hole
Resistor,E96 Standard,90K9,90.9kΩ,1/4W Through-hole
Resistor,E96 Standard,93K1,93.1kΩ,1/4W Through-hole
Resistor,E96 Standard,95K3,95.3kΩ,1/4W Through-hole
Resistor,E96 Standard,97K6,97.6kΩ,1/4W Through-hole
Resistor,E96 Standard,100K,100kΩ,1/4W Through-hole
Resistor,E96 Standard,102K,102kΩ,1/4W Through-hole
Resistor,E96 Standard,105K,105kΩ,1/4W Through-hole
Resistor,E96 Standard,107K,107kΩ,1/4W Through-hole
Resistor,E96 Standard,110K,110kΩ,1/4W Through-hole
Resistor,E96 Standard,113K,113kΩ,1/4W Through-hole
Resistor,E96 Standard,115K,115kΩ,1/4W Through-hole
Resistor,E96 Standard,118K,118kΩ,1/4W Through-hole
Resistor,E96 Standard,121K,121kΩ,1/4W Through-hole
Resistor,E96 Standard,124K,124kΩ,1/4W Through-hole
Resistor,E96 Standard,127K,127kΩ,1/4W Through-hole
Resistor,E96 Standard,130K,130kΩ,1/4W Through-hole
Resistor,E96 Standard,133K,133kΩ,1/4W Through-hole
Resistor,E96 Standard,137K,137kΩ,1/4W Through-hole
Resistor,E96 Standard,140K,140kΩ,1/4W Through-hole
Resistor,E96 Standard,143K,143kΩ,1/4W Through-hole
Resistor,E96 Standard,147K,147kΩ,1/4W Through-hole
Resistor,E96 Standard,150K,150kΩ,1/4W Through-hole
Resistor,E96 Standard,154K,154kΩ,1/4W Through-hole
Resistor,E96 Standard,158K,158kΩ,1/4W Through-hole
Resistor,E96 Standard,162K,162kΩ,1/4W Through-hole
Resistor,E96 Standard,165K,165kΩ,1/4W Through-hole
Resistor,E96 Standard,169K,169kΩ,1/4W Through-hole
Resistor,E96 Standard,174K,174kΩ,1/4W Through-hole
Resistor,E96 Standard,178K,178kΩ,1/4W Through-hole
Resistor,E96 Standard,182K,182kΩ,1/4W Through-hole
Resistor,E96 Standard,187K,187kΩ,1/4W Through-hole
Resistor,E96 Standard,191K,191kΩ,1/4W Through-hole
Resistor,E96 Standard,196K,196kΩ,1/4W Through-hole
Resistor,E96 Standard,200K,200kΩ,1/4W Through-hole
Resistor,E96 Standard,205K,205kΩ,1/4W Through-hole
Resistor,E96 Standard,210K,210kΩ,1/4W Through-hole
Resistor,E96 Standard,215K,215kΩ,1/4W Through-hole
Resistor,E96 Standard,221K,221kΩ,1/4W Through-hole
Resistor,E96 Standard,226K,226kΩ,1/4W Through-hole
Resistor,E96 Standard,232K,232kΩ,1/4W Through-hole
Resistor,E96 Standard,237K,237kΩ,1/4W Through-hole
Resistor,E96 Standard,243K,243kΩ,1/4W Through-hole
Resistor,E96 Standard,249K,249kΩ,1/4W Through-hole
Resistor,E96 Standard,255K,255kΩ,1/4W Through-hole
Resistor,E96 Standard,261K,261kΩ,1/4W Through-hole
Resistor,E96 Standard,267K,267kΩ,1/4W Through-hole
Resistor,E96 Standard,274K,274kΩ,1/4W Through-hole
Resistor,E96 Standard,280K,280kΩ,1/4W Through-hole
Resistor,E96 Standard,287K,287kΩ,1/4W Through-hole
Resistor,E96 Standard,294K,294kΩ,1/4W Through-hole
Resistor,E96 Standard,301K,301kΩ,1/4W Through-hole
Resistor,E96 Standard,309K,309kΩ,1/4W Through-hole
Resistor,E96 Standard,316K,316kΩ,1/4W Through-hole
Resistor,E96 Standard,324K,324kΩ,1/4W Through-hole
Resistor,E96 Standard,332K,332kΩ,1/4W Through-hole
Resistor,E96 Standard,340K,340kΩ,1/4W Through-hole
Resistor,E96 Standard,348K,348kΩ,1/4W Through-hole
Resistor,E96 Standard,357K,357kΩ,1/4W Through-hole
Resistor,E96 Standard,365K,365kΩ,1/4W Through-hole
Resistor,E96 Standard,374K,374kΩ,1/4W Through-hole
Resistor,E96 Standard,383K,383kΩ,1/4W Through-hole
Resistor,E96 Standard,392K,392kΩ,1/4W Through-hole
Resistor,E96 Standard,402K,402kΩ,1/4W Through-hole
Resistor,E96 Standard,412K,412kΩ,1/4W Through-hole
Resistor,E96 Standard,422K,422kΩ,1/4W Through-hole
Resistor,E96 Standard,432K,432kΩ,1/4W Through-hole
Resistor,E96 Standard,442K,442kΩ,1/4W Through-hole
Resistor,E96 Standard,453K,453kΩ,1/4W Through-hole
Resistor,E96 Standard,464K,464kΩ,1/4W Through-hole
Resistor,E96 Standard,470K,470kΩ,1/4W Through-hole
Resistor,E96 Standard,475K,475kΩ,1/4W Through-hole
Resistor,E96 Standard,487K,487kΩ,1/4W Through-hole
Resistor,E96 Standard,499K,499kΩ,1/4W Through-hole
Resistor,E96 Standard,511K,511kΩ,1/4W Through-hole
Resistor,E96 Standard,523K,523kΩ,1/4W Through-hole
Resistor,E96 Standard,536K,536kΩ,1/4W Through-hole
Resistor,E96 Standard,549K,549kΩ,1/4W Through-hole
Resistor,E96 Standard,562K,562kΩ,1/4W Through-hole
Resistor,E96 Standard,576K,576kΩ,1/4W Through-hole
Resistor,E96 Standard,590K,590kΩ,1/4W Through-hole
Resistor,E96 Standard,604K,604kΩ,1/4W Through-hole
Resistor,E96 Standard,619K,619kΩ,1/4W Through-hole
Resistor,E96 Standard,634K,634kΩ,1/4W Through-hole
Resistor,E96 Standard,649K,649kΩ,1/4W Through-hole
Resistor,E96 Standard,665K,665kΩ,1/4W Through-hole
Resistor,E96 Standard,681K,681kΩ,1/4W Through-hole
Resistor,E96 Standard,698K,698kΩ,1/4W Through-hole
Resistor,E96 Standard,715K,715kΩ,1/4W Through-hole
Resistor,E96 Standard,732K,732kΩ,1/4W Through-hole
Resistor,E96 Standard,750K,750kΩ,1/4W Through-hole
Resistor,E96 Standard,768K,768kΩ,1/4W Through-hole
Resistor,E96 Standard,787K,787kΩ,1/4W Through-hole
Resistor,E96 Standard,806K,806kΩ,1/4W Through-hole
Resistor,E96 Standard,825K,825kΩ,1/4W Through-hole
Resistor,E96 Standard,845K,845kΩ,1/4W Through-hole
Resistor,E96 Standard,866K,866kΩ,1/4W Through-hole
Resistor,E96 Standard,887K,887kΩ,1/4W Through-hole
Resistor,E96 Standard,909K,909kΩ,1/4W Through-hole
Resistor,E96 Standard,931K,931kΩ,1/4W Through-hole
Resistor,E96 Standard,953K,953kΩ,1/4W Through-hole
Resistor,E96 Standard,976K,976kΩ,1/4W Through-hole
Resistor,E96 Standard,1M00,1MΩ,1/4W Through-hole
Resistor,E96 Standard,1M05,1.05MΩ,1/4W Through-hole
Resistor,E96 Standard,1M10,1.1MΩ,1/4W Through-hole
Resistor,E96 Standard,1M15,1.15MΩ,1/4W Through-hole
Resistor,E96 Standard,1M20,1.2MΩ,1/4W Through-hole
Resistor,E96 Standard,1M30,1.3MΩ,1/4W Through-hole
Resistor,E96 Standard,1M50,1.5MΩ,1/4W Through-hole
Resistor,E96 Standard,1M60,1.6MΩ,1/4W Through-hole
Resistor,E96 Standard,1M80,1.8MΩ,1/4W Through-hole
Resistor,E96 Standard,1M82,1.82MΩ,1/4W Through-hole
Resistor,E96 Standard,2M00,2MΩ,1/4W Through-hole
Resistor,E96 Standard,2M20,2.2MΩ,1/4W Through-hole
Resistor,E96 Standard,2M70,2.7MΩ,1/4W Through-hole
Resistor,E96 Standard,3M00,3MΩ,1/4W Through-hole
Resistor,E96 Standard,3M60,3.6MΩ,1/4W Through-hole
Resistor,E96 Standard,3M90,3.9MΩ,1/4W Through-hole
Resistor,E96 Standard,4M30,4.3MΩ,1/4W Through-hole
Resistor,E96 Standard,4M70,4.7MΩ,1/4W Through-hole
Resistor,E96 Standard,5M10,5.1MΩ,1/4W Through-hole
Resistor,E96 Standard,5M60,5.6MΩ,1/4W Through-hole
Resistor,E96 Standard,6M20,6.2MΩ,1/4W Through-hole
Resistor,E96 Standard,6M80,6.8MΩ,1/4W Through-hole
Resistor,E96 Standard,7M50,7.5MΩ,1/4W Through-hole
Resistor,E96 Standard,8M20,8.2MΩ,1/4W Through-hole
Resistor,E96 Standard,9M10,9.1MΩ,1/4W Through-hole
Resistor,E96 Standard,10M0,10MΩ,1/4W Through-hole
Resistor,E96 Standard,15M0,15MΩ,1/4W Through-hole
Resistor,E96 Standard,18M0,18MΩ,1/4W Through-hole
Resistor,Power,0R10 5W,0.1Ω,5W Power Resistor
Resistor,Power,0R12 2W,0.12Ω,2W Power Resistor
Resistor,Power,0R15 5W,0.15Ω,5W Power Resistor
Resistor,Power,0R22 5W,0.22Ω,5W Power Resistor
Resistor,Power,0R33 5W,0.33Ω,5W Power Resistor
Resistor,Power,0R47 5W,0.47Ω,5W Power Resistor
Resistor,Power,0R68 5W,0.68Ω,5W Power Resistor
Resistor,Power,1R 5W,1Ω,5W Power Resistor
Resistor,Power,1R5 5W,1.5Ω,5W Power Resistor
Resistor,Power,2R2 5W,2.2Ω,5W Power Resistor
Resistor,Power,3R3 5W,3.3Ω,5W Power Resistor
Resistor,Power,4R7 5W,4.7Ω,5W Power Resistor
Resistor,Power,6R8 5W,6.8Ω,5W Power Resistor
Resistor,Power,10R 5W,10Ω,5W Power Resistor
Resistor,Power,15R 5W,15Ω,5W Power Resistor
Resistor,Power,22R 5W,22Ω,5W Power Resistor
Resistor,Power,33R 5W,33Ω,5W Power Resistor
Resistor,Power,47R 1W,47Ω,1W Power Resistor
Resistor,Power,68R 5W,68Ω,5W Power Resistor
Resistor,Power,100R 5W,100Ω,5W Power Resistor
Resistor,Power,150R 5W,150Ω,5W Power Resistor
Resistor,Power,220R 5W,220Ω,5W Power Resistor
Resistor,Power,330R 5W,330Ω,5W Power Resistor
Resistor,Power,470R 5W,470Ω,5W Power Resistor
Resistor,Power,680R 5W,680Ω,5W Power Resistor
Resistor,Power,1K 5W,1kΩ,5W Power Resistor
Resistor,Power,1K5 5W,1.5kΩ,5W Power Resistor
Resistor,Power,2K2 5W,2.2kΩ,5W Power Resistor
Resistor,Power,3K3 5W,3.3kΩ,5W Power Resistor
Resistor,Power,4K7 5W,4.7kΩ,5W Power Resistor
Resistor,Power,6K8 5W,6.8kΩ,5W Power Resistor
Resistor,Power,8K2 5W,8.2kΩ,5W Power Resistor
Resistor,Power,10K 5W,10kΩ,5W Power Resistor
Resistor,Trimmer,10R,10Ω,Single/Multi-turn Trimmer
Resistor,Trimmer,20R,20Ω,Single/Multi-turn Trimmer
Resistor,Trimmer,50R,50Ω,Single/Multi-turn Trimmer
Resistor,Trimmer,100R,100Ω,Single/Multi-turn Trimmer
Resistor,Trimmer,200R,200Ω,Single/Multi-turn Trimmer
Resistor,Trimmer,220R,220Ω,Single/Multi-turn Trimmer
Resistor,Trimmer,500R,500Ω,Single/Multi-turn Trimmer
Resistor,Trimmer,1K,1kΩ,Single/Multi-turn Trimmer
Resistor,Trimmer,2K,2kΩ,Single/Multi-turn Trimmer
Resistor,Trimmer,2K2,2.2kΩ,Single/Multi-turn Trimmer
Resistor,Trimmer,2K5,2.5kΩ,Single/Multi-turn Trimmer
Resistor,Trimmer,4K7,4.7kΩ,Single/Multi-turn Trimmer
Resistor,Trimmer,5K,5kΩ,Single/Multi-turn Trimmer
Resistor,Trimmer,10K,10kΩ,Single/Multi-turn Trimmer
Resistor,Trimmer,20K,20kΩ,Single/Multi-turn Trimmer
Resistor,Trimmer,22K,22kΩ,Single/Multi-turn Trimmer
Resistor,Trimmer,47K,47kΩ,Single/Multi-turn Trimmer
Resistor,Trimmer,50K,50kΩ,Single/Multi-turn Trimmer
Resistor,Trimmer,100K,100kΩ,Single/Multi-turn Trimmer
Resistor,Trimmer,200K,200kΩ,Single/Multi-turn Trimmer
Resistor,Trimmer,220K,220kΩ,Single/Multi-turn Trimmer
Resistor,Trimmer,390K,390kΩ,Single/Multi-turn Trimmer
Resistor,Trimmer,470K,470kΩ,Single/Multi-turn Trimmer
Resistor,Trimmer,500K,500kΩ,Single/Multi-turn Trimmer
Resistor,Trimmer,1M,1MΩ,Single/Multi-turn Trimmer
Resistor,Trimmer,2M,2MΩ,Single/Multi-turn Trimmer
Resistor,Trimmer,2M2,2.2MΩ,Single/Multi-turn Trimmer
Resistor,Trimmer,4M7,4.7MΩ,Single/Multi-turn Trimmer
Resistor,Potentiometer,470R,470Ω,Potentiometer
Resistor,Potentiometer,1K,1kΩ,Potentiometer
Resistor,Potentiometer,2K2,2.2kΩ,Potentiometer
Resistor,Potentiometer,4K7,4.7kΩ,Potentiometer
Resistor,Potentiometer,10K,10kΩ,Potentiometer
Resistor,Potentiometer,22K,22kΩ,Potentiometer
Resistor,Potentiometer,47K,47kΩ,Potentiometer
Resistor,Potentiometer,100K,100kΩ,Potentiometer
Resistor,Potentiometer,220K,220kΩ,Potentiometer
Resistor,Potentiometer,470K,470kΩ,Potentiometer
Resistor,Potentiometer,1M lin,1MΩ,Linear Potentiometer
Resistor,Potentiometer,1M log,1MΩ,Logarithmic Potentiometer
Inductor,Through-hole,0µ1,0.1µH,Inductor
Inductor,Through-hole,0µ15,0.15µH,Inductor
Inductor,Through-hole,0µ22,0.22µH,Inductor
Inductor,Through-hole,0µ33,0.33µH,Inductor
Inductor,Through-hole,0µ56,0.56µH,Inductor
Inductor,Through-hole,0µ82,0.82µH,Inductor
Inductor,Through-hole,1µ,1µH,Inductor
Inductor,Through-hole,1µ2,1.2µH,Inductor
Inductor,Through-hole,1µ5,1.5µH,Inductor
Inductor,Through-hole,1µ8,1.8µH,Inductor
Inductor,Through-hole,2µ7,2.7µH,Inductor
Inductor,Through-hole,3µ3,3.3µH,Inductor
Inductor,Through-hole,3µ 6A,3µH,6A Current Rating
Inductor,Through-hole,3µ9,3.9µH,Inductor
Inductor,Through-hole,4µ7,4.7µH,Inductor
Inductor,Through-hole,5µ6,5.6µH,Inductor
Inductor,Through-hole,6µ0 1.5A,6µH,1.5A Current Rating
Inductor,Through-hole,10µ,10µH,Inductor
Inductor,Through-hole,10µ 3A,10µH,3A Current Rating
Inductor,Through-hole,18µ,18µH,Inductor
Inductor,Through-hole,20µ,20µH,Inductor
Inductor,Through-hole,27µ,27µH,Inductor
Inductor,Through-hole,33µ,33µH,Inductor
Inductor,Through-hole,56µ,56µH,Inductor
Inductor,Through-hole,100µ 0.66A,100µH,0.66A Current Rating
Inductor,Through-hole,120µ 1A,120µH,1A Current Rating
Inductor,Through-hole,270µ,270µH,Inductor
Inductor,Through-hole,2m7,2.7mH,Inductor
Inductor,Through-hole,3.3mH x3,3.3mH,Inductor
Inductor,Through-hole,4m7,4.7mH,Inductor
Inductor,Through-hole,5m6,5.6mH,Inductor
Inductor,Through-hole,27m,27mH,Inductor
Inductor,Through-hole,47m,47mH,Inductor
Inductor,Through-hole,150m,150mH,Inductor
Inductor,Toroid Core,Small Toroid,,Toroid Core
Inductor,Toroid Core,Smaller Toroid,,Toroid Core
Inductor,Toroid Core,Tiny Toroid,,Toroid Core
Inductor,Toroid Core,RM6,,RM6 Core
Capacitor,Ceramic,0p68,0.68pF,Ceramic Capacitor
Capacitor,Ceramic,0p82,0.82pF,Ceramic Capacitor
Capacitor,Ceramic,1p0,1pF,Ceramic Capacitor
Capacitor,Ceramic,1p2,1.2pF,Ceramic Capacitor
Capacitor,Ceramic,1p5,1.5pF,Ceramic Capacitor
Capacitor,Ceramic,1p8,1.8pF,Ceramic Capacitor
Capacitor,Ceramic,2p2,2.2pF,Ceramic Capacitor
Capacitor,Ceramic,2p7,2.7pF,Ceramic Capacitor
Capacitor,Ceramic,3p3,3.3pF,Ceramic Capacitor
Capacitor,Ceramic,3p9,3.9pF,Ceramic Capacitor
Capacitor,Ceramic,4p7,4.7pF,Ceramic Capacitor
Capacitor,Ceramic,5p6,5.6pF,Ceramic Capacitor
Capacitor,Ceramic,6p8,6.8pF,Ceramic Capacitor
Capacitor,Ceramic,8p2,8.2pF,Ceramic Capacitor
Capacitor,Ceramic,10p,10pF,Ceramic Capacitor
Capacitor,Ceramic,12p,12pF,Ceramic Capacitor
Capacitor,Ceramic,15p,15pF,Ceramic Capacitor
Capacitor,Ceramic,18p,18pF,Ceramic Capacitor
Capacitor,Ceramic,22p,22pF,Ceramic Capacitor
Capacitor,Ceramic,27p,27pF,Ceramic Capacitor
Capacitor,Ceramic,33p,33pF,Ceramic Capacitor
Capacitor,Ceramic,39p,39pF,Ceramic Capacitor
Capacitor,Ceramic,47p,47pF,Ceramic Capacitor
Capacitor,Ceramic,56p,56pF,Ceramic Capacitor
Capacitor,Ceramic,68p,68pF,Ceramic Capacitor
Capacitor,Ceramic,82p,82pF,Ceramic Capacitor
Capacitor,Ceramic,100p,100pF,Ceramic Capacitor
Capacitor,Ceramic,120p,120pF,Ceramic Capacitor
Capacitor,Ceramic,150p,150pF,Ceramic Capacitor
Capacitor,Ceramic,180p,180pF,Ceramic Capacitor
Capacitor,Ceramic,220p,220pF,Ceramic Capacitor
Capacitor,Ceramic,270p,270pF,Ceramic Capacitor
Capacitor,Ceramic,330p,330pF,Ceramic Capacitor
Capacitor,Ceramic,390p,390pF,Ceramic Capacitor
Capacitor,Ceramic,470p,470pF,Ceramic Capacitor
Capacitor,Ceramic,560p,560pF,Ceramic Capacitor
Capacitor,Ceramic,680p,680pF,Ceramic Capacitor
Capacitor,Ceramic,820p,820pF,Ceramic Capacitor
Capacitor,Ceramic,1n0,1nF,Ceramic Capacitor
Capacitor,Ceramic,1n2,1.2nF,Ceramic Capacitor
Capacitor,Ceramic,1n5,1.5nF,Ceramic Capacitor
Capacitor,Ceramic,1n8,1.8nF,Ceramic Capacitor
Capacitor,Ceramic,2n2,2.2nF,Ceramic Capacitor
Capacitor,Ceramic,2n7,2.7nF,Ceramic Capacitor
Capacitor,Ceramic,3n3,3.3nF,Ceramic Capacitor
Capacitor,Ceramic,4n7,4.7nF,Ceramic Capacitor
Capacitor,Ceramic,5n6,5.6nF,Ceramic Capacitor
Capacitor,Ceramic,6n8,6.8nF,Ceramic Capacitor
Capacitor,Ceramic,8n2,8.2nF,Ceramic Capacitor
Capacitor,Ceramic,10n,10nF,Ceramic Capacitor
Capacitor,Ceramic,15n,15nF,Ceramic Capacitor
Capacitor,Ceramic,22n,22nF,Ceramic Capacitor
Capacitor,Ceramic,100n,100nF,Ceramic Capacitor
Capacitor,Ceramic,2.0-10pF,2-10pF,Variable Capacitor
Capacitor,Film,1n0,1nF,Film Capacitor
Capacitor,Film,1n2,1.2nF,Film Capacitor
Capacitor,Film,1n5,1.5nF,Film Capacitor
Capacitor,Film,1n8,1.8nF,Film Capacitor
Capacitor,Film,2n2,2.2nF,Film Capacitor
Capacitor,Film,2n7,2.7nF,Film Capacitor
Capacitor,Film,3n3,3.3nF,Film Capacitor
Capacitor,Film,3n9,3.9nF,Film Capacitor
Capacitor,Film,4n7,4.7nF,Film Capacitor
Capacitor,Film,5n6,5.6nF,Film Capacitor
Capacitor,Film,6n8,6.8nF,Film Capacitor
Capacitor,Film,8n2,8.2nF,Film Capacitor
Capacitor,Film,10n,10nF,Film Capacitor
Capacitor,Film,12n,12nF,Film Capacitor
Capacitor,Film,15n,15nF,Film Capacitor
Capacitor,Film,18n,18nF,Film Capacitor
Capacitor,Film,22n,22nF,Film Capacitor
Capacitor,Film,27n,27nF,Film Capacitor
Capacitor,Film,33n,33nF,Film Capacitor
Capacitor,Film,39n,39nF,Film Capacitor
Capacitor,Film,47n,47nF,Film Capacitor
Capacitor,Film,56n,56nF,Film Capacitor
Capacitor,Film,68n,68nF,Film Capacitor
Capacitor,Film,82n,82nF,Film Capacitor
Capacitor,Film,100n,100nF,Film Capacitor
Capacitor,Film,120n,120nF,Film Capacitor
Capacitor,Film,150n,150nF,Film Capacitor
Capacitor,Film,180n,180nF,Film Capacitor
Capacitor,Film,220n,220nF,Film Capacitor
Capacitor,Film,330n,330nF,Film Capacitor
Capacitor,Film,470n,470nF,Film Capacitor
Capacitor,Film,560n,560nF,Film Capacitor
Capacitor,Film,680n,680nF,Film Capacitor
Capacitor,Film,820n,820nF,Film Capacitor
Capacitor,Film,1u5,1.5µF,Film Capacitor
Capacitor,Film,2u2,2.2µF,Film Capacitor
Capacitor,Film,3u3,3.3µF,Film Capacitor
Capacitor,Film,4u7,4.7µF,Film Capacitor
Capacitor,Film,6u8,6.8µF,Film Capacitor
Capacitor,Film,8u2,8.2µF,Film Capacitor
Capacitor,Electrolytic,0.22µF 50V,0.22µF,50V Electrolytic
Capacitor,Electrolytic,0.47µF 50V,0.47µF,50V Electrolytic
Capacitor,Electrolytic,470n,470nF,Electrolytic
Capacitor,Electrolytic,1µF,1µF,Electrolytic
Capacitor,Electrolytic,1µF 50V,1µF,50V Electrolytic
Capacitor,Electrolytic,2.2µF,2.2µF,Electrolytic
Capacitor,Electrolytic,2.2µF 50V,2.2µF,50V Electrolytic
Capacitor,Electrolytic,3.3µF,3.3µF,Electrolytic
Capacitor,Electrolytic,4.7µF,4.7µF,Electrolytic
Capacitor,Electrolytic,4.7µF 50V,4.7µF,50V Electrolytic
Capacitor,Electrolytic,6.8µF 50V,6.8µF,50V Electrolytic
Capacitor,Electrolytic,10µF,10µF,Electrolytic
Capacitor,Electrolytic,10µF 50V,10µF,50V Electrolytic
Capacitor,Electrolytic,12µF,12µF,Electrolytic
Capacitor,Electrolytic,22µF,22µF,Electrolytic
Capacitor,Electrolytic,22µF 50V,22µF,50V Electrolytic
Capacitor,Electrolytic,33µF,33µF,Electrolytic
Capacitor,Electrolytic,33µF 50V,33µF,50V Electrolytic
Capacitor,Electrolytic,47µF,47µF,Electrolytic
Capacitor,Electrolytic,47µF 50V,47µF,50V Electrolytic
Capacitor,Electrolytic,56µF 50V,56µF,50V Electrolytic
Capacitor,Electrolytic,68µF,68µF,Electrolytic
Capacitor,Electrolytic,68µF 50V,68µF,50V Electrolytic
Capacitor,Electrolytic,100µF,100µF,Electrolytic
Capacitor,Electrolytic,150µF 50V,150µF,50V Electrolytic
Capacitor,Electrolytic,220µF,220µF,Electrolytic
Capacitor,Electrolytic,220µF 10V,220µF,10V Electrolytic
Capacitor,Electrolytic,220µF 50V,220µF,50V Electrolytic
Capacitor,Electrolytic,330µF,330µF,Electrolytic
Capacitor,Electrolytic,330µF 50V,330µF,50V Electrolytic
Capacitor,Electrolytic,470µF,470µF,Electrolytic
Capacitor,Electrolytic,470µF 10V,470µF,10V Electrolytic
Capacitor,Electrolytic,470µF 50V,470µF,50V Electrolytic
Capacitor,Electrolytic,560µF 50V,560µF,50V Electrolytic
Capacitor,Electrolytic,680µF,680µF,Electrolytic
Capacitor,Electrolytic,680µF 50V,680µF,50V Electrolytic
Capacitor,Electrolytic,820µF 50V,820µF,50V Electrolytic
Capacitor,Electrolytic,1000µF,1000µF,Electrolytic
Capacitor,Electrolytic,1000µF 50V,1000µF,50V Electrolytic
Capacitor,Electrolytic,2200µF,2200µF,Electrolytic
Capacitor,Electrolytic,2200µF 50V,2200µF,50V Electrolytic
Capacitor,Electrolytic,3300µF,3300µF,Electrolytic
Capacitor,Electrolytic,4700µF,4700µF,Electrolytic
Capacitor,Electrolytic,4700µF 50V,4700µF,50V Electrolytic
Diode,TVS Zener,1.5KE7V5,7.5V,Unidirectional TVS
Diode,TVS Zener,1.5KE12A,12V,Unidirectional TVS
Diode,TVS Zener,1.5KE15A,15V,Unidirectional TVS
Diode,TVS Zener,1.5KE18A,18V,Unidirectional TVS
Diode,TVS Zener,1.5KE24A,24V,Unidirectional TVS
Diode,TVS Zener,1.5KE36A,36V,Unidirectional TVS
Diode,TVS Zener,1.5KE68A,68V,Unidirectional TVS
Diode,TVS Zener,1.5KE82A,82V,Unidirectional TVS
Diode,TVS Zener,1.5KE11CA,11V,Bidirectional TVS
Diode,Rectifier,1N3890,,Fast Recovery 6A/12A
Diode,Rectifier,1N4003,,1A/50V Rectifier
Diode,Rectifier,1N4006,,1A/800V Rectifier
Diode,Signal,1N4148,,Small Signal Fast Switching 200mA/75V
Diode,Rectifier,1N4935,,Fast Switching 1A/200V
Diode,Rectifier,1N5406,,3A/600V Rectifier
Diode,Rectifier,1N5408,,3A/1000V Rectifier
Diode,Schottky,1N5817,,Schottky Barrier 1A
Diode,Schottky,BAT42,,Small Signal Schottky 200mA/30V
Diode,Schottky,8R15,,Schottky Rectifier
Diode,Bridge Rectifier,2W04G,2A/400V,Single-Phase Bridge
Diode,Bridge Rectifier,WL10F,1A/1000V,Glass Passivated Bridge
Diode,Bridge Rectifier,B40C1500,1.5A/40V,Single-Phase Bridge
Diode,Bridge Rectifier,B80C1500,1.5A/80V,Single-Phase Bridge
Diode,Bridge Rectifier,B250C1500,1.5A/250V,Single-Phase Bridge
Diode,Bridge Rectifier,B250C2000,2A/250V,Single-Phase Bridge
Diode,Bridge Rectifier,FB12B5S2,2A/100V,Bridge Rectifier
Diode,Bridge Rectifier,FBI15L5S2,1.5A/380V,Bridge Rectifier
Diode,Bridge Rectifier,FB1004,10A/125V,Bridge Rectifier
Diode,Bridge Rectifier,FB5001,10A/40V,Glass Passivated Bridge
Diode,Rectifier,BYW27,1A/1000V,Glass Passivated Junction
Diode,Rectifier,BYW29,,Ultrafast Rectifier 8A/100V
Diode,Rectifier,BYW88,,Rectifier 12A
Diode,Rectifier,P600M,6A/1000V,General Purpose Plastic
Diode,TVS,P6KE24P,24V,600W Transient Voltage Suppression
Diode,TVS,P6KE47A,47V,600W Transient Voltage Suppression
Diode,TVS,P6KE130P,130V,600W Transient Voltage Suppression
Diode,TVS,P6KE400P,400V,600W Transient Voltage Suppression
Diode,TVS,P6KE440CP,440V,600W Transient Voltage Suppression
Diode,TVS,BZW06-6V4,6.4V,600W Transient Voltage Suppression
Diode,TVS,BZW06-11V,11V,600W Transient Voltage Suppression
Diode,TVS,BZW06-37B,37V,600W Transient Voltage Suppression
Diode,TVS,BZW06-P44,44V,600W Transient Voltage Suppression
Diode,TVS,BZW50-39B,39V,5000W Transient Voltage Suppression
Diode,Zener,1N4732A,4.7V,1000mW Zener
Diode,Zener,BZX47C51,51V,Zener
Diode,Zener,BZX47C75,75V,Zener
Diode,Zener,BZX55C2V7,2.7V,500mW Zener
Diode,Zener,BZX55C3V3,3.3V,500mW Zener
Diode,Zener,BZX55C3V6,3.6V,500mW Zener
Diode,Zener,BZX55C3V9,3.9V,500mW Zener
Diode,Zener,BZX55C4V3,4.3V,500mW Zener
Diode,Zener,BZX55C5V1,5.1V,500mW Zener
Diode,Zener,BZX55C5V6,5.6V,500mW Zener
Diode,Zener,BZX55C6V2,6.2V,500mW Zener
Diode,Zener,BZX55C7V5,7.5V,500mW Zener
Diode,Zener,BZX55C13,13V,500mW Zener
Diode,Zener,BZX55C15,15V,500mW Zener
Diode,Zener,BZX55C20,20V,500mW Zener
Diode,Zener,BZX55C30,30V,500mW Zener
Diode,Zener,BZX55C33,33V,500mW Zener
Diode,Zener,BZX55C36,36V,500mW Zener
Diode,Zener,BZX55C47,47V,500mW Zener
Diode,Zener,BZX55C82,82V,500mW Zener
Diode,Zener,BZX79C2V4,2.4V,500mW Zener
Diode,Zener,BZX79C16,16V,500mW Zener
Diode,Zener,BZX79C22,22V,500mW Zener
Diode,Zener,BZX83C3V0,3V,1.3W Zener
Diode,Zener,BZX83C11,11V,1.3W Zener
Diode,Zener,BZX83C12,12V,1.3W Zener
Diode,Zener,BZX83C18,18V,1.3W Zener
Diode,Zener,BZX83C39,39V,1.3W Zener
Diode,Zener,BZX85C6V8,6.8V,1.3W Zener
Diode,Zener,BZX85C8V2,8.2V,1.3W Zener
Diode,Zener,BZX85C9V1,9.1V,1.3W Zener
Diode,Zener,BZX85C10,10V,1.3W Zener
Diode,Zener,BZX85C24,24V,1.3W Zener
Diode,Zener,BZX85C27,27V,1.3W Zener
Diode,Zener,BZX85C43,43V,1.3W Zener
Diode,Zener,BZX85C56,56V,1.3W Zener
Diode,Zener,BZX85C62,62V,1.3W Zener
Diode,Zener,BZX85C68,68V,1.3W Zener
Diode,Zener,BZX85C160,160V,1.3W Zener
Diode,Zener,BZW04-6V4,6.4V,1W Zener
Diode,Zener,BZW04-11B,11V,1W Zener
Diode,Zener,BZW04-12B,12V,1W Zener
Diode,Zener,BZW04-13,13V,1W Zener
Diode,Zener,BZW04-15,15V,1W Zener
Diode,Zener,BZW04-20,20V,1W Zener
Diode,Zener,BZW04-P48,48V,1W Zener
Diode,Zener,BZW04-58,58V,1W Zener
Diode,Zener,ZTE2ITT,2V,300mW Zener
LED,5mm,LED 5MM RØD,Red,5mm LED
LED,5mm,LED 5MM GUL,Yellow,5mm LED
LED,5mm,LED 5MM GRØN,Green,5mm LED
LED,5mm,LED 5mm Hvid,White,5mm LED
LED,3mm,LED 3MM RØD,Red,3mm LED
LED,3mm,LED 3MM GUL,Yellow,3mm LED
LED,3mm,LED 3MM GRØN,Green,3mm LED
Optocoupler,Through-hole,4N25,,Optocoupler with Base Connection
Optocoupler,Through-hole,CNY17/MCT5211,,Optocoupler with Base Connection
Optocoupler,Through-hole,SFH610-2,,Opto-isolator
Optocoupler,Through-hole,CNY17F-2,,Optocoupler no Base Connection
Optocoupler,Through-hole,PS2502-4,,Optocoupler
Photodiode,Through-hole,BP104,,Infrared Photodiode
Photodiode,Through-hole,BPW34,,Photodiode Infrared/Visible
Photodiode,Through-hole,BPW46,,Photodiode
Photodiode,Through-hole,SFH309-4,,Infrared Photodiode
Sensor,Photoresistor,Photoresistor,,Light Dependent Resistor
Sensor,Varicap,KV1270,,VCD for AM Tuning
IR,Emitter,SFH4546,,Infrared Emitter
IR,Receiver,VS1838,,IR Receiver
IR,Transceiver,ITR8307,,Infrared Transmitter/Receiver
IR,Transmitter,THSA6203,,IR Transmitter 875nm
Transistor,NPN BJT,BC107,,NPN General Purpose
Transistor,NPN BJT,BC108,,NPN General Purpose
Transistor,NPN BJT,BC109,,NPN General Purpose
Transistor,NPN BJT,BC141,,NPN General Purpose
Transistor,NPN BJT,BC238,,NPN General Purpose
Transistor,NPN BJT,BC337,,NPN General Purpose
Transistor,NPN BJT,BC338,,NPN General Purpose
Transistor,NPN BJT,BC546,,NPN General Purpose
Transistor,NPN BJT,BC547A,,NPN General Purpose
Transistor,NPN BJT,BC548C,,NPN General Purpose
Transistor,NPN BJT,BC549B,,NPN General Purpose
Transistor,NPN BJT,BC549C,,NPN General Purpose
Transistor,NPN BJT,BC550,,NPN General Purpose
Transistor,NPN BJT,BD139,,NPN Power
Transistor,NPN BJT,BD239,,NPN Power
Transistor,NPN BJT,BD241,,NPN Power
Transistor,NPN BJT,BD441,,NPN Power
Transistor,NPN BJT,BD535,,NPN Power
Transistor,NPN BJT,BD705,,NPN Power
Transistor,NPN BJT,BD709,,NPN Power
Transistor,NPN BJT,BD905,,NPN Power
Transistor,NPN BJT,BDX87,,NPN Darlington
Transistor,NPN BJT,BF199,,NPN RF
Transistor,NPN BJT,BUV48A,,NPN High Voltage
Transistor,NPN BJT,BUV61,,NPN High Voltage
Transistor,NPN BJT,BU931Z,,NPN Darlington
Transistor,NPN BJT,MJE340,,NPN Power
Transistor,NPN BJT,SGSF462,,NPN
Transistor,NPN BJT,TIP31A,,NPN Power
Transistor,NPN BJT,TIP33,,NPN Power
Transistor,NPN BJT,TIP33C,,NPN Power
Transistor,NPN BJT,TIP41A,,NPN Power
Transistor,NPN BJT,TIP41B,,NPN Power
Transistor,NPN BJT,TIP117,,NPN Darlington
Transistor,NPN BJT,TIP132,,NPN Darlington
Transistor,NPN BJT,TIP135,,NPN Darlington
Transistor,NPN BJT,TIP137,,NPN Darlington
Transistor,NPN BJT,TIP142,,NPN Darlington
Transistor,NPN BJT,2N1893,,NPN
Transistor,NPN BJT,2N2219,,NPN General Purpose
Transistor,NPN BJT,2N2222,,NPN 40V 800mA General Purpose
Transistor,NPN BJT,2N3019,,NPN
Transistor,NPN BJT,2N5192,,NPN Power
Transistor,NPN BJT,2N5336,,NPN
Transistor,NPN BJT,2N5551,,NPN High Voltage
Transistor,PNP BJT,BC177,,PNP General Purpose
Transistor,PNP BJT,BC307,,PNP General Purpose
Transistor,PNP BJT,BC308,,PNP General Purpose
Transistor,PNP BJT,BC327,,PNP General Purpose
Transistor,PNP BJT,BC556,,PNP General Purpose
Transistor,PNP BJT,BC557,,PNP General Purpose
Transistor,PNP BJT,BC558,,PNP General Purpose
Transistor,PNP BJT,BC560,,PNP General Purpose
Transistor,PNP BJT,BD140,,PNP Power
Transistor,PNP BJT,BD176,,PNP Power
Transistor,PNP BJT,BD442,,PNP Power
Transistor,PNP BJT,BD646,,PNP Darlington
Transistor,PNP BJT,BD940,,PNP Power
Transistor,PNP BJT,MJE172,,PNP Power
Transistor,PNP BJT,TIP30A,,PNP Power
Transistor,PNP BJT,TIP30C,,PNP Power
Transistor,PNP BJT,TIP32A,,PNP Power
Transistor,PNP BJT,TIP32C,,PNP Power
Transistor,PNP BJT,TIP34C,,PNP Power
Transistor,PNP BJT,TIP36A,,PNP Power
Transistor,PNP BJT,TIP112,,PNP Darlington
Transistor,PNP BJT,TIP147,,PNP Darlington
Transistor,PNP BJT,TIP2955,,PNP Power
Transistor,PNP BJT,2N2905,,PNP General Purpose
Transistor,PNP BJT,2N2906,,PNP General Purpose
Transistor,PNP BJT,2N2907,,PNP General Purpose
Transistor,PNP BJT,2N4918,,PNP Power
Transistor,PNP BJT,2N5193,,PNP Power
Transistor,PNP BJT,2N6516,,PNP
Transistor,PNP BJT,2N6519,,PNP High Voltage
Transistor,N-JFET,BF245A,,N-Channel JFET
Transistor,N-JFET,BF245B,,N-Channel JFET
Transistor,N-MOSFET,BS170,,N-Channel MOSFET
Transistor,N-MOSFET,IRF530,,N-Channel MOSFET
Transistor,N-MOSFET,IRL530,,N-Channel Logic Level MOSFET
Transistor,N-MOSFET,IRF540,,N-Channel MOSFET
Transistor,N-MOSFET,IRF640,,N-Channel MOSFET
Transistor,N-MOSFET,IRFS4710,,N-Channel MOSFET
Transistor,N-MOSFET,IRFI540,,N-Channel MOSFET
Transistor,N-MOSFET,IRL640,,N-Channel Logic Level MOSFET
Transistor,N-MOSFET,P36NF06,,N-Channel MOSFET
Transistor,P-MOSFET,IRF5305,,P-Channel MOSFET
Transistor,P-MOSFET,IRF9530,,P-Channel MOSFET
Transistor,P-MOSFET,IRF9540,,P-Channel MOSFET
Transistor,TRIAC,BT136-500,,TRIAC 500V
Transistor,TRIAC,BTB06-400,,TRIAC 400V
Transistor,TRIAC,TAG137D2,,TRIAC
Transistor,Thyristor,TP203,,Thyristor
IC,74LS TTL Logic,74LS01,,Quad 2-Input NAND (Open Collector)
IC,74LS TTL Logic,74LS05,,Hex Inverter (Open Collector)
IC,74LS TTL Logic,74LS07,,Hex Buffer (Open Collector)
IC,74LS TTL Logic,74LS09,,Quad 2-Input AND (Open Collector)
IC,74LS TTL Logic,74LS10,,Triple 3-Input NAND
IC,74LS TTL Logic,74LS11,,Triple 3-Input AND
IC,74LS TTL Logic,74LS13,,Dual 4-Input NAND Schmitt Trigger
IC,74LS TTL Logic,74LS14,,Hex Schmitt Trigger Inverter
IC,74LS TTL Logic,74LS20,,Dual 4-Input NAND
IC,74LS TTL Logic,74LS21,,Dual 4-Input AND
IC,74LS TTL Logic,74LS22,,Dual 4-Input NAND (Open Collector)
IC,74LS TTL Logic,74LS28,,Quad 2-Input NOR
IC,74LS TTL Logic,74LS30,,8-Input NAND
IC,74LS TTL Logic,74LS33,,Quad 2-Input NOR (Open Collector)
IC,74LS TTL Logic,74LS37,,Quad 2-Input NAND
IC,74LS TTL Logic,74LS40,,Dual 4-Input NAND
IC,74LS TTL Logic,74LS42,,BCD to Decimal Decoder
IC,74LS TTL Logic,74LS74,,Dual D Flip-Flop
IC,74LS TTL Logic,74LS75,,4-Bit Bistable Latch
IC,74LS TTL Logic,74LS76,,Dual JK Flip-Flop
IC,74LS TTL Logic,74LS85,,4-Bit Magnitude Comparator
IC,74LS TTL Logic,74LS86,,Quad 2-Input XOR
IC,74LS TTL Logic,74LS90,,Decade Counter
IC,74LS TTL Logic,74LS109,,Dual JK Flip-Flop
IC,74LS TTL Logic,74LS112,,Dual JK Flip-Flop
IC,74LS TTL Logic,74LS122,,Retriggerable Monostable
IC,74LS TTL Logic,74LS123,,Dual Retriggerable Monostable
IC,74LS TTL Logic,74LS125,,Quad Bus Buffer (Tri-State)
IC,74LS TTL Logic,74LS126,,Quad Bus Buffer (Tri-State)
IC,74LS TTL Logic,74LS132,,Quad 2-Input NAND Schmitt Trigger
IC,74LS TTL Logic,74LS133,,13-Input NAND
IC,74LS TTL Logic,74LS136,,Quad 2-Input XOR (Open Collector)
IC,74LS TTL Logic,74LS139,,Dual 2-to-4 Decoder
IC,74LS TTL Logic,74LS148,,8-to-3 Priority Encoder
IC,74LS TTL Logic,74LS151,,8-to-1 Data Selector
IC,74LS TTL Logic,74LS152,,8-to-1 Data Selector
IC,74LS TTL Logic,74LS154,,4-to-16 Decoder
IC,74LS TTL Logic,74LS155,,Dual 2-to-4 Decoder
IC,74LS TTL Logic,74LS156,,Dual 2-to-4 Decoder (Open Collector)
IC,74LS TTL Logic,74LS157,,Quad 2-to-1 Data Selector
IC,74LS TTL Logic,74LS158,,Quad 2-to-1 Data Selector (Inverted)
IC,74LS TTL Logic,74LS160,,Synchronous Decade Counter
IC,74LS TTL Logic,74LS162,,Synchronous Decade Counter
IC,74LS TTL Logic,74LS164,,8-Bit Shift Register
IC,74LS TTL Logic,74LS165,,8-Bit Parallel-In Shift Register
IC,74LS TTL Logic,74LS166,,8-Bit Shift Register
IC,74LS TTL Logic,74LS167,,Synchronous Decade Rate Multiplier
IC,74LS TTL Logic,74LS168,,4-Bit Up/Down Counter
IC,74LS TTL Logic,74LS169,,4-Bit Up/Down Counter
IC,74LS TTL Logic,74LS174,,Hex D Flip-Flop
IC,74LS TTL Logic,74LS175,,Quad D Flip-Flop
IC,74LS TTL Logic,74LS181,,4-Bit ALU
IC,74LS TTL Logic,74LS190,,Synchronous Up/Down Counter
IC,74LS TTL Logic,74LS191,,Synchronous Up/Down Counter
IC,74LS TTL Logic,74LS192,,Synchronous Up/Down Counter
IC,74LS TTL Logic,74LS193,,Synchronous Up/Down Counter
IC,74LS TTL Logic,74LS194,,4-Bit Shift Register
IC,74LS TTL Logic,74LS195,,4-Bit Shift Register
IC,74LS TTL Logic,74LS196,,Presettable Decade Counter
IC,74LS TTL Logic,74LS197,,Presettable Binary Counter
IC,74LS TTL Logic,74LS240,,Octal Buffer (Inverting)
IC,74LS TTL Logic,74LS241,,Octal Buffer
IC,74LS TTL Logic,74LS243,,Quad Bus Transceiver
IC,74LS TTL Logic,74LS244,,Octal Buffer
IC,74LS TTL Logic,74LS245,,Octal Bus Transceiver
IC,74LS TTL Logic,74LS247,,BCD to 7-Segment Decoder
IC,74LS TTL Logic,74LS251,,8-to-1 Data Selector
IC,74LS TTL Logic,74LS253,,Dual 4-to-1 Data Selector
IC,74LS TTL Logic,74LS257,,Quad 2-to-1 Data Selector
IC,74LS TTL Logic,74LS258,,Quad 2-to-1 Data Selector (Inverted)
IC,74LS TTL Logic,74LS260,,Dual 5-Input NOR
IC,74LS TTL Logic,74LS266,,Quad 2-Input XNOR
IC,74LS TTL Logic,74LS273,,Octal D Flip-Flop
IC,74LS TTL Logic,74LS279,,Quad SR Latch
IC,74LS TTL Logic,74LS280,,9-Bit Parity Generator
IC,74LS TTL Logic,74LS293,,4-Bit Binary Counter
IC,74LS TTL Logic,74LS298,,Quad 2-to-1 Multiplexer
IC,74LS TTL Logic,74LS299,,8-Bit Universal Shift Register
IC,74LS TTL Logic,74LS322,,8-Bit Shift Register
IC,74LS TTL Logic,74LS323,,8-Bit Shift Register
IC,74LS TTL Logic,74LS352,,Dual 4-to-1 Data Selector
IC,74LS TTL Logic,74LS353,,Dual 4-to-1 Data Selector
IC,74LS TTL Logic,74LS365,,Hex Buffer
IC,74LS TTL Logic,74LS373,,Octal Transparent Latch
IC,74LS TTL Logic,74LS375,,4-Bit Bistable Latch
IC,74LS TTL Logic,74LS377,,Octal D Flip-Flop
IC,74LS TTL Logic,74LS378,,Hex D Flip-Flop
IC,74LS TTL Logic,74LS424,,4-Bit Comparator
IC,74LS TTL Logic,74LS490,,Dual Decade Counter
IC,74LS TTL Logic,74LS576,,Octal D Flip-Flop (Inverting)
IC,74LS TTL Logic,74LS640,,Octal Bus Transceiver (Inverting)
IC,74LS TTL Logic,74LS641,,Octal Bus Transceiver
IC,74LS TTL Logic,74LS645,,Octal Bus Transceiver
IC,74LS TTL Logic,74LS652,,Octal Bus Transceiver/Register
IC,74LS TTL Logic,74LS670,,4x4 Register File
IC,74LS TTL Logic,74LS682,,8-Bit Magnitude Comparator
IC,74LS TTL Logic,74LS688,,8-Bit Identity Comparator
IC,74HCT Logic,74HCT00,,Quad 2-Input NAND
IC,74HCT Logic,74HCT74,,Dual D Flip-Flop
IC,74HCT Logic,74HCT75,,4-Bit Bistable Latch
IC,74HCT Logic,74HCT109,,Dual JK Flip-Flop
IC,74HCT Logic,74HCT125,,Quad Bus Buffer (Tri-State)
IC,74HCT Logic,74HCT132,,Quad 2-Input NAND Schmitt Trigger
IC,74HCT Logic,74HCT153,,Dual 4-to-1 Data Selector
IC,74HCT Logic,74HCT175,,Quad D Flip-Flop
IC,74HCT Logic,74HCT240,,Octal Buffer (Inverting)
IC,74HCT Logic,74HCT241,,Octal Buffer
IC,74HCT Logic,74HCT243,,Quad Bus Transceiver
IC,74HCT Logic,74HCT244,,Octal Buffer
IC,74HCT Logic,74HCT541,,Octal Buffer
IC,74HCT Logic,74HCT574,,Octal D Flip-Flop
IC,74HC CMOS Logic,74HC00,,Quad 2-Input NAND
IC,74HC CMOS Logic,74HC02,,Quad 2-Input NOR
IC,74HC CMOS Logic,74HC03,,Quad 2-Input NAND (Open Collector)
IC,74HC CMOS Logic,74HC04,,Hex Inverter
IC,74HC CMOS Logic,74HC08,,Quad 2-Input AND
IC,74HC CMOS Logic,74HC10,,Triple 3-Input NAND
IC,74HC CMOS Logic,74HC11,,Triple 3-Input AND
IC,74HC CMOS Logic,74HC14,,Hex Schmitt Trigger Inverter
IC,74HC CMOS Logic,74HC20,,Dual 4-Input NAND
IC,74HC CMOS Logic,74HC21,,Dual 4-Input AND
IC,74HC CMOS Logic,74HC27,,Triple 3-Input NOR
IC,74HC CMOS Logic,74HC30,,8-Input NAND
IC,74HC CMOS Logic,74HC32,,Quad 2-Input OR
IC,74HC CMOS Logic,74HC42,,BCD to Decimal Decoder
IC,74HC CMOS Logic,74HC51,,Dual 2-Wide 2-Input AND-OR-Invert
IC,74HC CMOS Logic,74HC73,,Dual JK Flip-Flop
IC,74HC CMOS Logic,74HC74,,Dual D Flip-Flop
IC,74HC CMOS Logic,74HC85,,4-Bit Magnitude Comparator
IC,74HC CMOS Logic,74HC86,,Quad 2-Input XOR
IC,74HC CMOS Logic,74HC93,,4-Bit Binary Counter
IC,74HC CMOS Logic,74HC109,,Dual JK Flip-Flop
IC,74HC CMOS Logic,74HC112,,Dual JK Flip-Flop
IC,74HC CMOS Logic,74HC123,,Dual Retriggerable Monostable
IC,74HC CMOS Logic,74HC126,,Quad Bus Buffer (Tri-State)
IC,74HC CMOS Logic,74HC132,,Quad 2-Input NAND Schmitt Trigger
IC,74HC CMOS Logic,74HC133,,13-Input NAND
IC,74HC CMOS Logic,74HC138,,3-to-8 Decoder
IC,74HC CMOS Logic,74HC139,,Dual 2-to-4 Decoder
IC,74HC CMOS Logic,74HC147,,10-to-4 Priority Encoder
IC,74HC CMOS Logic,74HC148,,8-to-3 Priority Encoder
IC,74HC CMOS Logic,74HC151,,8-to-1 Data Selector
IC,74HC CMOS Logic,74HC154,,4-to-16 Decoder
IC,74HC CMOS Logic,74HC157,,Quad 2-to-1 Data Selector
IC,74HC CMOS Logic,74HC160,,Synchronous Decade Counter
IC,74HC CMOS Logic,74HC161,,Synchronous Binary Counter
IC,74HC CMOS Logic,74HC163,,Synchronous Binary Counter
IC,74HC CMOS Logic,74HC164,,8-Bit Shift Register
IC,74HC CMOS Logic,74HC165,,8-Bit Parallel-In Shift Register
IC,74HC CMOS Logic,74HC173,,Quad D Flip-Flop (Tri-State)
IC,74HC CMOS Logic,74HC174,,Hex D Flip-Flop
IC,74HC CMOS Logic,74HC175,,Quad D Flip-Flop
IC,74HC CMOS Logic,74HC190,,Synchronous Up/Down Counter
IC,74HC CMOS Logic,74HC191,,Synchronous Up/Down Counter
IC,74HC CMOS Logic,74HC193,,Synchronous Up/Down Counter
IC,74HC CMOS Logic,74HC194,,4-Bit Shift Register
IC,74HC CMOS Logic,74HC195,,4-Bit Shift Register
IC,74HC CMOS Logic,74HC221,,Dual Monostable Multivibrator
IC,74HC CMOS Logic,74HC238,,3-to-8 Decoder (Active High)
IC,74HC CMOS Logic,74HC242,,Quad Bus Transceiver (Inverting)
IC,74HC CMOS Logic,74HC244,,Octal Buffer
IC,74HC CMOS Logic,74HC245,,Octal Bus Transceiver
IC,74HC CMOS Logic,74HC253,,Dual 4-to-1 Data Selector
IC,74HC CMOS Logic,74HC266,,Quad 2-Input XNOR (Open Collector)
IC,74HC CMOS Logic,74HC279,,Quad SR Latch
IC,74HC CMOS Logic,74HC283,,4-Bit Binary Full Adder
IC,74HC CMOS Logic,74HC354,,8-Line Data Selector (Tri-State)
IC,74HC CMOS Logic,74HC365,,Hex Buffer
IC,74HC CMOS Logic,74HC366,,Hex Buffer (Inverting)
IC,74HC CMOS Logic,74HC367,,Hex Buffer
IC,74HC CMOS Logic,74HC368,,Hex Buffer (Inverting)
IC,74HC CMOS Logic,74HC373,,Octal Transparent Latch
IC,74HC CMOS Logic,74HC374,,Octal D Flip-Flop
IC,74HC CMOS Logic,74HC390,,Dual 4-Bit Decade Counter
IC,74HC CMOS Logic,74HC393,,Dual 4-Bit Binary Counter
IC,74HC CMOS Logic,74HC423,,Dual Retriggerable Monostable
IC,74HC CMOS Logic,74HC564,,Octal D Flip-Flop (Inverting)
IC,74HC CMOS Logic,74HC573,,Octal Transparent Latch
IC,74HC CMOS Logic,74HC595,,8-Bit Shift Register
IC,74HC CMOS Logic,74HC670,,4x4 Register File
IC,74HC CMOS Logic,74HC688,,8-Bit Equality Comparator
IC,74HC CMOS Logic,74HC690,,4-Bit Decade Counter
IC,74HC CMOS Logic,74HC696,,4-Bit Decade Counter
IC,74HC CMOS Logic,74HC808,,Hex 2-Input AND
IC,74HC CMOS Logic,74HC4002,,Dual 4-Input NOR
IC,74HC CMOS Logic,74HC4017,,Decade Counter/Divider
IC,74HC CMOS Logic,74HC4024,,7-Stage Ripple Carry Binary Counter
IC,74HC CMOS Logic,74HC4040,,12-Stage Binary Ripple Counter
IC,74HC CMOS Logic,74HC4046,,Phase-Locked Loop and VCO
IC,74HC CMOS Logic,74HC4049,,Hex Inverting Buffer
IC,74HC CMOS Logic,74HC4059,,Programmable Divide-by-N Counter
IC,74HC CMOS Logic,74HC4060,,14-Stage Binary Ripple Counter
IC,74HC CMOS Logic,74HC4067,,16-Channel Analog Multiplexer
IC,74HC CMOS Logic,74HC4072,,Dual 4-Input OR
IC,74HC CMOS Logic,74HC4075,,Triple 3-Input OR
IC,74HC CMOS Logic,74HC4094,,8-Bit Shift Register/Latch
IC,74HC CMOS Logic,74HC4514,,4-to-16 Decoder
IC,74HC CMOS Logic,74HC4520,,Dual Binary Counter
IC,4000 CMOS Logic,4001,,Quad 2-Input NOR
IC,4000 CMOS Logic,4002,,Dual 4-Input NOR
IC,4000 CMOS Logic,4006,,18-Stage Shift Register
IC,4000 CMOS Logic,4007,,Dual Complementary Pair Plus Inverter
IC,4000 CMOS Logic,4011,,Buffered Quad 2-Input NAND
IC,4000 CMOS Logic,4012,,Dual 4-Input NAND
IC,4000 CMOS Logic,4013,,Dual D-Type Flip-Flop
IC,4000 CMOS Logic,4014,,8-Stage Shift Register
IC,4000 CMOS Logic,4015,,Dual 4-Stage Shift Register
IC,4000 CMOS Logic,4016,,Quad Bilateral Switch
IC,4000 CMOS Logic,4017,,Divide by 10 Counter
IC,4000 CMOS Logic,4018,,Presettable Divide by N Counter
IC,4000 CMOS Logic,4019,,Quad AND-OR Select Gate
IC,4000 CMOS Logic,4020,,14-Stage Binary Counter
IC,4000 CMOS Logic,4021,,8-Bit Static Shift Register
IC,4000 CMOS Logic,4022,,Divide by 8 Counter
IC,4000 CMOS Logic,4023,,Triple 3-Input NAND
IC,4000 CMOS Logic,4024,,7-Stage Binary Ripple Counter
IC,4000 CMOS Logic,4027,,Dual JK Flip-Flop
IC,4000 CMOS Logic,4028,,BCD-Decimal 1 of 10 Decoder
IC,4000 CMOS Logic,4029,,Presettable Up/Down Counter
IC,4000 CMOS Logic,4030,,Quad XOR Gate
IC,4000 CMOS Logic,4035,,4-Stage PIPO
IC,4000 CMOS Logic,4040,,12-Stage Binary Ripple Counter
IC,4000 CMOS Logic,4041,,Quad True/Complement Buffer
IC,4000 CMOS Logic,4042,,Quad Clocked D Latch
IC,4000 CMOS Logic,4043,,Quad NOR R/S Latch
IC,4000 CMOS Logic,4044,,Quad NAND R/S Latch
IC,4000 CMOS Logic,4045,,21-Stage Counter
IC,4000 CMOS Logic,4046,,Micropower PLL with VCO
IC,4000 CMOS Logic,4047,,Monostable/Astable Multivibrator
IC,4000 CMOS Logic,4048,,Expandable 8-Input Gate
IC,4000 CMOS Logic,4049,,Hex Inverting Buffer
IC,4000 CMOS Logic,4050,,Hex Non-Inverting Buffer
IC,4000 CMOS Logic,4051,,Analog 1 of 8 Switch
IC,4000 CMOS Logic,4052,,Differential 4-Channel Switch
IC,4000 CMOS Logic,4053,,Triple 2-Channel Analog Switch
IC,4000 CMOS Logic,4054,,7-Segment Decoder/LCD Driver
IC,4000 CMOS Logic,4055,,BCD to 7-Segment Decoder
IC,4000 CMOS Logic,4060,,14-Stage Ripple Counter with Osc
IC,4000 CMOS Logic,4063,,4-Bit Magnitude Comparator
IC,4000 CMOS Logic,4066,,Analog Switch
IC,4000 CMOS Logic,4068,,8-Input NAND Gate
IC,4000 CMOS Logic,4069,,Hex Inverter
IC,4000 CMOS Logic,4070,,Quad XOR Gate
IC,4000 CMOS Logic,4071,,Quad 2-Input OR Gate
IC,4000 CMOS Logic,4072,,Dual 4-Input OR Gate
IC,4000 CMOS Logic,4073,,Triple 3-Input AND Gate
IC,4000 CMOS Logic,4075,,Triple 3-Input OR Gate
IC,4000 CMOS Logic,4076,,Quad D Register
IC,4000 CMOS Logic,4077,,Quad 2-Input XNOR
IC,4000 CMOS Logic,4081,,Quad 2-Input AND Gate
IC,4000 CMOS Logic,4082,,Dual 4-Input AND
IC,4000 CMOS Logic,4093,,Quad 2-Input Schmitt Trigger NAND
IC,4000 CMOS Logic,4094,,8-Stage Shift Register
IC,4000 CMOS Logic,4097,,Dual 8-Channel Analog Mux
IC,4000 CMOS Logic,4098,,Dual Monostable Multivibrator
IC,4000 CMOS Logic,4099,,8-Bit Addressable Latch
IC,4000 CMOS Logic,4174,,Hex D Flip-Flop
IC,4000 CMOS Logic,4412,,DTMF Receiver
IC,4000 CMOS Logic,4430,,Hex Digital Buffer/Converter
IC,4000 CMOS Logic,4502,,Inverter/Buffer Strobed
IC,4000 CMOS Logic,4503,,Buffer Hex/Tristate
IC,4000 CMOS Logic,4504,,Level Shifter TTL-CMOS
IC,4000 CMOS Logic,4508,,Latch Dual 4-Bit Tristate
IC,4000 CMOS Logic,4510,,BCD Counter Presettable Up/Down
IC,4000 CMOS Logic,4511,,BCD to 7-Segment Latch/Decoder/Driver
IC,4000 CMOS Logic,4512,,Multiplexer 8-Input Tristate
IC,4000 CMOS Logic,4514,,Decoder/Demultiplexer 1 of 16 High
IC,4000 CMOS Logic,4515,,Decoder/Demultiplexer 1 of 16 Low
IC,4000 CMOS Logic,4516,,4-Bit Presettable Counter
IC,4000 CMOS Logic,4518,,Dual Upcounter
IC,4000 CMOS Logic,4520,,Binary Upcounter Dual 4-Bit
IC,4000 CMOS Logic,4526,,4-Bit Programmable Counter
IC,4000 CMOS Logic,4527,,Rate Multiplier BCD
IC,4000 CMOS Logic,4528,,Dual with Reset Monostable
IC,4000 CMOS Logic,4531,,12-Bit Priority Encoder
IC,4000 CMOS Logic,4532,,8-Bit Priority Encoder
IC,4000 CMOS Logic,4536,,Programmable Timer
IC,4000 CMOS Logic,4538,,Dual Retriggerable Precision
IC,4000 CMOS Logic,4541,,Programmable Timer
IC,4000 CMOS Logic,4543,,Latch/Decoder/Driver
IC,4000 CMOS Logic,4553,,3-Digit BCD Counter
IC,4000 CMOS Logic,4555,,Decoder/Demultiplexer Dual 1 of 4 High
IC,4000 CMOS Logic,4556,,Decoder/Demultiplexer Dual 1 of 4 Low
IC,4000 CMOS Logic,4557,,1-64 Bit Variable Length
IC,4000 CMOS Logic,4584,,Schmitt Trigger Hex
IC,4000 CMOS Logic,4585,,Comparator 4-Bit Magnitude
IC,4000 CMOS Logic,4724,,8-Bit Addressable Latch
IC,4000 CMOS Logic,40097,,Hex Buffer
IC,4000 CMOS Logic,40101,,Parity Generator/Checker
IC,4000 CMOS Logic,40106,,Hex Schmitt Trigger Inverter
IC,4000 CMOS Logic,40107,,Dual 2-Input NAND Driver
IC,4000 CMOS Logic,40109,,Low to High Voltage Level Shifter
IC,4000 CMOS Logic,40110,,BCD Up/Down Counter
IC,4000 CMOS Logic,40160,,Decade Counter Synchronous
IC,4000 CMOS Logic,40161,,Binary Counter
IC,4000 CMOS Logic,40163,,Binary Counter
IC,4000 CMOS Logic,40192,,BCD Up/Down Counter
IC,4000 CMOS Logic,40193,,Binary Up/Down Counter
IC,Linear,CGS74CT2524,,1-4 Minimum Skew Clock Driver
IC,Linear,DAC0808,,8-Bit D/A Converter
IC,Linear,ADC0804,,8-Bit A/D Converter
IC,Linear,DS1307,,8 Pin PDIP Real Time Clock
IC,Linear,DS26C31,,Quad Tri-State Line Driver
IC,Linear,HIP4082IPZ,,Full Bridge N-Channel FET Driver
IC,Linear,L298,,Dual Full-Bridge Driver
IC,Linear,L293D,,Push-Pull Four Channel Driver with Diodes
IC,Linear,LF356,,Wide Bandwidth Operational Amplifier
IC,Linear,LH0042,,FET Op Amp
IC,Linear,LM741,,Single 44V 1MHz Operational Amplifier
IC,Linear,LM301,,Quad General-Purpose Operational Amplifier
IC,Linear,LM311,,Differential Comparator with Strobes
IC,Linear,LM324,,Quadruple Operational Amplifier
IC,Linear,LM339,,Quad Differential Comparator
IC,Linear,LM358,,Dual Standard Operational Amplifier
IC,Linear,LM386,,Wide Input Voltage Low Power Audio Amplifier
IC,Linear,LM35,,Precision Centigrade Temperature Sensor
IC,Linear,LM2575,,Step-Down Adjustable Voltage Switching Regulator
IC,Linear,LM2676,,Low Component Count Step-Down Regulator
IC,Linear,LS7082,,Quadrature Clock Converter
IC,Linear,TEA3718,,Stepper Motor Driver
IC,Linear,MAX232,,Dual EIA-232 Driver and Receiver
IC,Linear,MAX236,,Multichannel RS-232 Drivers/Receivers
IC,Linear,MCP3208,,12-Bit A/D Converters with SPI Interface
IC,Linear,MCP6002,,1 MHz Rail-to-Rail Low Power Op Amp
IC,Linear,NE555,,Single Precision Timer
IC,Linear,NE556,,Dual Precision Timer
IC,Linear,OP07,,Precision Operational Amplifier
IC,Linear,SG3524,,Regulating Pulse-Width Modulator
IC,Linear,SMP11,,Low Droop Rate/Accurate Sample Hold
IC,Linear,SNJ55138,,Quadruple Bus Transceiver
IC,Linear,IR4428STR,,Dual Low Side Driver
IC,Linear,TL071,,Low-Noise JFET-Input General Purpose Op Amp
IC,Linear,TL072,,Dual Low-Noise JFET-Input Op Amp
IC,Linear,TL074,,Quad Low-Noise JFET-Input Op Amp
IC,Linear,TL081,,High Slew Rate JFET-Input Op Amp
IC,Linear,TL082,,Dual High Slew Rate JFET-Input Op Amp
IC,Linear,TL084,,Quad High Slew Rate JFET-Input Op Amp
IC,Linear,ULN2001,,High-Voltage High-Current Darlington Array
IC,Linear,ULN2003,,High-Voltage High-Current Darlington Transistor Array
IC,Linear,ULN2801,,Eight Darlington Transistor Array
IC,Voltage Regulator,LM2930,5V 150mA,LDO Regulator
IC,Voltage Regulator,LM317T,1.2-37V 1.5A,Adjustable Positive Regulator
IC,Voltage Regulator,LM337T,-1.2 to -37V 1.5A,Adjustable Negative Regulator
IC,Voltage Regulator,LM7805,5V 1.5A,Positive Fixed Regulator
IC,Voltage Regulator,LM7808,8V 1.5A,Positive Fixed Regulator
IC,Voltage Regulator,LM7810,10V 1.5A,Positive Fixed Regulator
IC,Voltage Regulator,LM7812,12V 1.5A,Positive Fixed Regulator
IC,Voltage Regulator,LM7815,15V 1.5A,Positive Fixed Regulator
IC,Voltage Regulator,LM7820,20V 1.5A,Positive Fixed Regulator
IC,Voltage Regulator,LM78M24,24V 0.5A,Positive Fixed Regulator
IC,Voltage Regulator,LM7905,-5V 1.5A,Negative Fixed Regulator
IC,Voltage Regulator,LM7912,-12V 1.5A,Negative Fixed Regulator
IC,Voltage Regulator,LM7915,-15V 1.5A,Negative Fixed Regulator
IC,Voltage Regulator,LM7918,-18V 1.5A,Negative Fixed Regulator
IC,Voltage Regulator,LM7924,-24V 1.5A,Negative Fixed Regulator
IC,Voltage Regulator,RB040,,Reverse Voltage/Overvoltage Protection
IC,Voltage Regulator,TL7709,,Supply Voltage Detector
Connector,IC Socket,DIP6 Socket,6-pin,DIP IC Socket
Connector,IC Socket,DIP8 Socket,8-pin,DIP IC Socket
Connector,IC Socket,DIP14 Socket,14-pin,DIP IC Socket
Connector,IC Socket,DIP16 Socket,16-pin,DIP IC Socket
Connector,IC Socket,DIP18 Socket,18-pin,DIP IC Socket
Connector,IC Socket,DIP20 Socket,20-pin,DIP IC Socket
Connector,IC Socket,DIP22 Socket,22-pin,DIP IC Socket
Connector,IC Socket,DIP24 Socket,24-pin,DIP IC Socket
Connector,IC Socket,DIP28 Socket,28-pin,DIP IC Socket
Connector,IC Socket,DIP40 Socket,40-pin,DIP IC Socket
Connector,Switch,DIP-Switch,,DIP Switch
Connector,Molex,2-Pin Male,,Molex Header Male
Connector,Molex,2-Pin Female,,Molex Header Female
Connector,Molex,3-Pin Male,,Molex Header Male
Connector,Molex,3-Pin Female,,Molex Header Female
Connector,Molex,4-Pin Male,,Molex Header Male
Connector,Molex,4-Pin Female,,Molex Header Female
Connector,Molex,5-Pin Male,,Molex Header Male
Connector,Molex,5-Pin Female,,Molex Header Female
Connector,Molex,6-Pin Male,,Molex Header Male
Connector,Molex,6-Pin Female,,Molex Header Female
Connector,Molex,7-Pin Male,,Molex Header Male
Connector,Molex,7-Pin Female,,Molex Header Female
Connector,Molex,8-Pin Male,,Molex Header Male
Connector,Molex,8-Pin Female,,Molex Header Female
Connector,Header,Contact Female,,Contact Female
Connector,Header,Female Header,,Female Pin Header
Connector,Header,Angled Male,,Angled Male Pin Header
Connector,Header,Header Male,,Straight Male Pin Header
Connector,Header,Double Male,,Double Male Pin Header
Connector,Header,Jumper,,Jumper Shunt
Connector,Terminal,2 pol skrueterminal,2-pole,Screw Terminal Block
Connector,Terminal,3 pol skrueterminal,3-pole,Screw Terminal Block
Hardware,Switch,Pushbutton,,Momentary Pushbutton
Hardware,Switch,2-pol omskifter,,2-Pole Switch
Hardware,Switch,Tryk knap til bredbord,,Pushbutton for Breadboard
Hardware,Mounting,Loddeflig 3MM,,3mm Solder Lug
Hardware,Mounting,Loddeflig 10MM,,10mm Solder Lug
Hardware,Mounting,TO-220 Isobøsning,,TO-220 Isolation Bushing
Hardware,Mounting,TO-3 Isobøsning,,TO-3 Isolation Bushing
Hardware,Heatsink,TO-18 Heatsink,,TO-18 Package Heatsink
Hardware,Heatsink,TO-220 Heatsink,,TO-220 Package Heatsink
Hardware,Thermal Pad,TO-220 Silicon,,TO-220 Silicon Thermal Pad
Hardware,Thermal Pad,TO-220 Mica,,TO-220 Mica Thermal Pad
Hardware,Thermal Pad,TO-3 Mica,,TO-3 Mica Thermal Pad
Hardware,Thermal Pad,TO-3 Silicon,,TO-3 Silicon Thermal Pad
Hardware,Mounting,Mounting Hardware,,Potentiometer Mounting Hardware
Hardware,Relay,Relæ 5V 2 skifte,5V,DPDT Relay
Encoder,Rotary,Rotary 1x12 EYE,1x12,Rotary Encoder
Encoder,Rotary,Rotary 2x12 EYE,2x12,Rotary Encoder
Encoder,Rotary,Rotary 3x12 EYE,3x12,Rotary Encoder
Encoder,Rotary,Misc Rotary EYE,,Miscellaneous Rotary Encoder
